stop_order,stop_id,line_id
0,19670_west,19671_west
1,19671_west,19671_west
2,19672_west,19671_west
3,19673_west,19671_west
4,19674_west,19671_west
5,19675_west,19671_west
6,19676_west,19671_west
7,19677_west,19671_west
8,19678_west,19671_west
9,19679_west,19671_west
10,196710_west,19671_west
11,196711_west,19671_west
12,196712_west,19671_west
13,196713_west,19671_west
14,196714_west,19671_west
0,196715_west,19672_west
1,196716_west,19672_west
2,196717_west,19672_west
3,196718_west,19672_west
4,196719_west,19672_west
5,196720_west,19672_west
6,196721_west,19672_west
7,196722_west,19672_west
8,196723_west,19672_west
9,196724_west,19672_west
10,196725_west,19672_west
11,196726_west,19672_west
12,196727_west,19672_west
13,196728_west,19672_west
14,196729_west,19672_west
0,196730_west,19673_west
1,196731_west,19673_west
2,196732_west,19673_west
3,196733_west,19673_west
4,196734_west,19673_west
5,196735_west,19673_west
6,196736_west,19673_west
7,196737_west,19673_west
8,196738_west,19673_west
9,196739_west,19673_west
10,196740_west,19673_west
11,196741_west,19673_west
12,196742_west,19673_west
13,196743_west,19673_west
14,196744_west,19673_west
0,196745_west,19674_west
1,196746_west,19674_west
2,196747_west,19674_west
3,196748_west,19674_west
4,196749_west,19674_west
5,196750_west,19674_west
6,196751_west,19674_west
7,196752_west,19674_west
8,196753_west,19674_west
9,196754_west,19674_west
10,196755_west,19674_west
11,196756_west,19674_west
12,196757_west,19674_west
13,196758_west,19674_west
14,196759_west,19674_west
0,196760_west,19675_west
1,196761_west,19675_west
2,196762_west,19675_west
3,196763_west,19675_west
4,196764_west,19675_west
5,196765_west,19675_west
6,196766_west,19675_west
7,196767_west,19675_west
8,196768_west,19675_west
9,196769_west,19675_west
10,196770_west,19675_west
11,196771_west,19675_west
12,196772_west,19675_west
13,196773_west,19675_west
14,196774_west,19675_west
0,196775_west,19676_west
1,196776_west,19676_west
2,196777_west,19676_west
3,196778_west,19676_west
4,196779_west,19676_west
5,196780_west,19676_west
6,196781_west,19676_west
7,196782_west,19676_west
8,196783_west,19676_west
9,196784_west,19676_west
10,196785_west,19676_west
11,196786_west,19676_west
12,196787_west,19676_west
13,196788_west,19676_west
14,196789_west,19676_west
15,196790_west,19676_west
0,196791_west,19677_west
1,196792_west,19677_west
2,196793_west,19677_west
3,196794_west,19677_west
4,196795_west,19677_west
5,196796_west,19677_west
6,196797_west,19677_west
7,196798_west,19677_west
8,196799_west,19677_west
9,1967100_west,19677_west
10,1967101_west,19677_west
11,1967102_west,19677_west
12,1967103_west,19677_west
13,1967104_west,19677_west
14,1967105_west,19677_west
0,1967106_west,19678_west
1,1967107_west,19678_west
2,1967108_west,19678_west
3,1967109_west,19678_west
4,1967110_west,19678_west
5,1967111_west,19678_west
6,1967112_west,19678_west
7,1967113_west,19678_west
8,1967114_west,19678_west
9,1967115_west,19678_west
10,1967116_west,19678_west
11,1967117_west,19678_west
12,1967118_west,19678_west
13,1967119_west,19678_west
14,1967120_west,19678_west
0,1967121_west,19679_west
1,1967122_west,19679_west
2,1967123_west,19679_west
3,1967124_west,19679_west
4,1967125_west,19679_west
5,1967126_west,19679_west
0,1967127_west,196710_west
1,1967128_west,196710_west
2,1967129_west,196710_west
3,1967130_west,196710_west
4,1967131_west,196710_west
5,1967132_west,196710_west
6,1967133_west,196710_west
7,1967134_west,196710_west
8,1967135_west,196710_west
9,1967136_west,196710_west
10,1967137_west,196710_west
11,1967138_west,196710_west
12,1967139_west,196710_west
13,1967140_west,196710_west
14,1967141_west,196710_west
15,1967142_west,196710_west
0,1967143_west,196711_west
1,1967144_west,196711_west
2,1967145_west,196711_west
3,1967146_west,196711_west
4,1967147_west,196711_west
5,1967148_west,196711_west
6,1967149_west,196711_west
7,1967150_west,196711_west
8,1967151_west,196711_west
9,1967152_west,196711_west
10,1967153_west,196711_west
11,1967154_west,196711_west
12,1967155_west,196711_west
13,1967156_west,196711_west
14,1967157_west,196711_west
15,1967158_west,196711_west
16,1967159_west,196711_west
0,1967160_west,196712_west
1,1967161_west,196712_west
2,1967162_west,196712_west
3,1967163_west,196712_west
4,1967164_west,196712_west
5,1967165_west,196712_west
6,1967166_west,196712_west
7,1967167_west,196712_west
8,1967168_west,196712_west
9,1967169_west,196712_west
10,1967170_west,196712_west
11,1967171_west,196712_west
12,1967172_west,196712_west
13,1967173_west,196712_west
14,1967174_west,196712_west
0,1967175_west,196713_west
1,1967176_west,196713_west
2,1967177_west,196713_west
3,1967178_west,196713_west
4,1967179_west,196713_west
5,1967180_west,196713_west
6,1967181_west,196713_west
7,1967182_west,196713_west
8,1967183_west,196713_west
9,1967184_west,196713_west
0,1967185_west,196714_west
1,1967186_west,196714_west
2,1967187_west,196714_west
3,1967188_west,196714_west
4,1967189_west,196714_west
5,1967190_west,196714_west
6,1967191_west,196714_west
7,1967192_west,196714_west
8,1967193_west,196714_west
9,1967194_west,196714_west
10,1967195_west,196714_west
11,1967196_west,196714_west
12,1967197_west,196714_west
13,1967198_west,196714_west
14,1967199_west,196714_west
0,1967200_west,196715_west
1,1967201_west,196715_west
2,1967202_west,196715_west
3,1967203_west,196715_west
4,1967204_west,196715_west
5,1967205_west,196715_west
6,1967206_west,196715_west
7,1967207_west,196715_west
8,1967208_west,196715_west
9,1967209_west,196715_west
10,1967210_west,196715_west
11,1967211_west,196715_west
12,1967212_west,196715_west
13,1967213_west,196715_west
14,1967214_west,196715_west
0,1967215_west,196716_west
1,1967216_west,196716_west
2,1967217_west,196716_west
3,1967218_west,196716_west
4,1967219_west,196716_west
5,1967220_west,196716_west
6,1967221_west,196716_west
7,1967222_west,196716_west
8,1967223_west,196716_west
9,1967224_west,196716_west
10,1967225_west,196716_west
11,1967226_west,196716_west
12,1967227_west,196716_west
13,1967228_west,196716_west
14,1967229_west,196716_west
15,1967230_west,196716_west
0,1967231_west,196717_west
1,1967232_west,196717_west
2,1967233_west,196717_west
3,1967234_west,196717_west
4,1967235_west,196717_west
5,1967236_west,196717_west
0,1967237_west,196718_west
1,1967238_west,196718_west
2,1967239_west,196718_west
3,1967240_west,196718_west
4,1967241_west,196718_west
5,1967242_west,196718_west
6,1967243_west,196718_west
7,1967244_west,196718_west
8,1967245_west,196718_west
9,1967246_west,196718_west
10,1967247_west,196718_west
11,1967248_west,196718_west
12,1967249_west,196718_west
13,1967250_west,196718_west
14,1967251_west,196718_west
15,1967252_west,196718_west
0,1967253_west,196719_west
1,1967254_west,196719_west
2,1967255_west,196719_west
3,1967256_west,196719_west
4,1967257_west,196719_west
5,1967258_west,196719_west
6,1967259_west,196719_west
7,1967260_west,196719_west
8,1967261_west,196719_west
9,1967262_west,196719_west
10,1967263_west,196719_west
11,1967264_west,196719_west
12,1967265_west,196719_west
13,1967266_west,196719_west
14,1967267_west,196719_west
0,1967268_west,196720_west
1,1967269_west,196720_west
2,1967270_west,196720_west
3,1967271_west,196720_west
4,1967272_west,196720_west
5,1967273_west,196720_west
6,1967274_west,196720_west
7,1967275_west,196720_west
8,1967276_west,196720_west
9,1967277_west,196720_west
10,1967278_west,196720_west
11,1967279_west,196720_west
12,1967280_west,196720_west
13,1967281_west,196720_west
14,1967282_west,196720_west
0,1967283_west,196721_west
1,1967284_west,196721_west
2,1967285_west,196721_west
3,1967286_west,196721_west
4,1967287_west,196721_west
5,1967288_west,196721_west
6,1967289_west,196721_west
7,1967290_west,196721_west
8,1967291_west,196721_west
9,1967292_west,196721_west
10,1967293_west,196721_west
11,1967294_west,196721_west
12,1967295_west,196721_west
13,1967296_west,196721_west
14,1967297_west,196721_west
15,1967298_west,196721_west
0,1967299_west,196722_west
1,1967300_west,196722_west
2,1967301_west,196722_west
3,1967302_west,196722_west
4,1967303_west,196722_west
5,1967304_west,196722_west
0,1967305_west,196723_west
1,1967306_west,196723_west
2,1967307_west,196723_west
3,1967308_west,196723_west
4,1967309_west,196723_west
5,1967310_west,196723_west
0,1967311_west,196724_west
1,1967312_west,196724_west
2,1967313_west,196724_west
3,1967314_west,196724_west
4,1967315_west,196724_west
5,1967316_west,196724_west
0,1967317_west,196725_west
1,1967318_west,196725_west
2,1967319_west,196725_west
3,1967320_west,196725_west
4,1967321_west,196725_west
5,1967322_west,196725_west
6,1967323_west,196725_west
7,1967324_west,196725_west
8,1967325_west,196725_west
9,1967326_west,196725_west
10,1967327_west,196725_west
11,1967328_west,196725_west
12,1967329_west,196725_west
13,1967330_west,196725_west
14,1967331_west,196725_west
15,1967332_west,196725_west
0,1967333_west,196726_west
1,1967334_west,196726_west
0,1967335_west,196727_west
1,1967336_west,196727_west
2,1967337_west,196727_west
3,1967338_west,196727_west
4,1967339_west,196727_west
5,1967340_west,196727_west
6,1967341_west,196727_west
7,1967342_west,196727_west
8,1967343_west,196727_west
9,1967344_west,196727_west
10,1967345_west,196727_west
11,1967346_west,196727_west
0,1967347_west,196728_west
1,1967348_west,196728_west
2,1967349_west,196728_west
3,1967350_west,196728_west
4,1967351_west,196728_west
0,1967352_west,196729_west
1,1967353_west,196729_west
2,1967354_west,196729_west
3,1967355_west,196729_west
4,1967356_west,196729_west
5,1967357_west,196729_west
6,1967358_west,196729_west
7,1967359_west,196729_west
8,1967360_west,196729_west
9,1967361_west,196729_west
10,1967362_west,196729_west
11,1967363_west,196729_west
12,1967364_west,196729_west
13,1967365_west,196729_west
14,1967366_west,196729_west
15,1967367_west,196729_west
16,1967368_west,196729_west
0,1967369_west,196730_west
1,1967370_west,196730_west
2,1967371_west,196730_west
3,1967372_west,196730_west
4,1967373_west,196730_west
5,1967374_west,196730_west
6,1967375_west,196730_west
7,1967376_west,196730_west
0,1967377_west,196731_west
1,1967378_west,196731_west
2,1967379_west,196731_west
3,1967380_west,196731_west
4,1967381_west,196731_west
5,1967382_west,196731_west
6,1967383_west,196731_west
7,1967384_west,196731_west
8,1967385_west,196731_west
9,1967386_west,196731_west
10,1967387_west,196731_west
11,1967388_west,196731_west
12,1967389_west,196731_west
13,1967390_west,196731_west
0,1967391_west,196732_west
1,1967392_west,196732_west
2,1967393_west,196732_west
3,1967394_west,196732_west
4,1967395_west,196732_west
5,1967396_west,196732_west
0,1967397_west,196733_west
1,1967398_west,196733_west
2,1967399_west,196733_west
3,1967400_west,196733_west
4,1967401_west,196733_west
5,1967402_west,196733_west
6,1967403_west,196733_west
7,1967404_west,196733_west
8,1967405_west,196733_west
0,1967406_west,196734_west
1,1967407_west,196734_west
2,1967408_west,196734_west
3,1967409_west,196734_west
4,1967410_west,196734_west
5,1967411_west,196734_west
6,1967412_west,196734_west
7,1967413_west,196734_west
0,1967414_west,196735_west
1,1967415_west,196735_west
2,1967416_west,196735_west
3,1967417_west,196735_west
4,1967418_west,196735_west
5,1967419_west,196735_west
6,1967420_west,196735_west
7,1967421_west,196735_west
8,1967422_west,196735_west
9,1967423_west,196735_west
10,1967424_west,196735_west
11,1967425_west,196735_west
12,1967426_west,196735_west
13,1967427_west,196735_west
14,1967428_west,196735_west
15,1967429_west,196735_west
0,1967430_west,196736_west
1,1967431_west,196736_west
2,1967432_west,196736_west
3,1967433_west,196736_west
4,1967434_west,196736_west
5,1967435_west,196736_west
6,1967436_west,196736_west
7,1967437_west,196736_west
8,1967438_west,196736_west
9,1967439_west,196736_west
10,1967440_west,196736_west
11,1967441_west,196736_west
12,1967442_west,196736_west
13,1967443_west,196736_west
14,1967444_west,196736_west
0,1967445_west,196737_west
1,1967446_west,196737_west
2,1967447_west,196737_west
3,1967448_west,196737_west
4,1967449_west,196737_west
5,1967450_west,196737_west
6,1967451_west,196737_west
7,1967452_west,196737_west
8,1967453_west,196737_west
9,1967454_west,196737_west
10,1967455_west,196737_west
11,1967456_west,196737_west
12,1967457_west,196737_west
13,1967458_west,196737_west
14,1967459_west,196737_west
0,1967460_west,196738_west
1,1967461_west,196738_west
2,1967462_west,196738_west
3,1967463_west,196738_west
4,1967464_west,196738_west
5,1967465_west,196738_west
6,1967466_west,196738_west
7,1967467_west,196738_west
8,1967468_west,196738_west
9,1967469_west,196738_west
10,1967470_west,196738_west
11,1967471_west,196738_west
12,1967472_west,196738_west
13,1967473_west,196738_west
14,1967474_west,196738_west
0,1967475_west,196739_west
1,1967476_west,196739_west
2,1967477_west,196739_west
3,1967478_west,196739_west
4,1967479_west,196739_west
5,1967480_west,196739_west
0,1967481_west,196740_west
1,1967482_west,196740_west
2,1967483_west,196740_west
3,1967484_west,196740_west
4,1967485_west,196740_west
5,1967486_west,196740_west
6,1967487_west,196740_west
7,1967488_west,196740_west
0,1967489_west,196741_west
1,1967490_west,196741_west
2,1967491_west,196741_west
3,1967492_west,196741_west
4,1967493_west,196741_west
5,1967494_west,196741_west
6,1967495_west,196741_west
7,1967496_west,196741_west
8,1967497_west,196741_west
9,1967498_west,196741_west
10,1967499_west,196741_west
0,1967500_west,196742_west
1,1967501_west,196742_west
2,1967502_west,196742_west
3,1967503_west,196742_west
4,1967504_west,196742_west
5,1967505_west,196742_west
6,1967506_west,196742_west
7,1967507_west,196742_west
8,1967508_west,196742_west
9,1967509_west,196742_west
0,1967510_west,196743_west
1,1967511_west,196743_west
2,1967512_west,196743_west
3,1967513_west,196743_west
4,1967514_west,196743_west
5,1967515_west,196743_west
6,1967516_west,196743_west
7,1967517_west,196743_west
8,1967518_west,196743_west
9,1967519_west,196743_west
10,1967520_west,196743_west
11,1967521_west,196743_west
12,1967522_west,196743_west
13,1967523_west,196743_west
0,1967524_west,196744_west
1,1967525_west,196744_west
2,1967526_west,196744_west
3,1967527_west,196744_west
4,1967528_west,196744_west
5,1967529_west,196744_west
0,1967530_west,196745_west
1,1967531_west,196745_west
2,1967532_west,196745_west
3,1967533_west,196745_west
4,1967534_west,196745_west
5,1967535_west,196745_west
6,1967536_west,196745_west
7,1967537_west,196745_west
0,1967538_west,196746_west
1,1967539_west,196746_west
2,1967540_west,196746_west
3,1967541_west,196746_west
4,1967542_west,196746_west
5,1967543_west,196746_west
6,1967544_west,196746_west
7,1967545_west,196746_west
8,1967546_west,196746_west
9,1967547_west,196746_west
10,1967548_west,196746_west
11,1967549_west,196746_west
12,1967550_west,196746_west
13,1967551_west,196746_west
14,1967552_west,196746_west
0,1967553_west,196747_west
1,1967554_west,196747_west
2,1967555_west,196747_west
3,1967556_west,196747_west
4,1967557_west,196747_west
5,1967558_west,196747_west
0,1967559_west,196748_west
1,1967560_west,196748_west
2,1967561_west,196748_west
3,1967562_west,196748_west
4,1967563_west,196748_west
5,1967564_west,196748_west
6,1967565_west,196748_west
7,1967566_west,196748_west
8,1967567_west,196748_west
9,1967568_west,196748_west
10,1967569_west,196748_west
11,1967570_west,196748_west
12,1967571_west,196748_west
13,1967572_west,196748_west
14,1967573_west,196748_west
15,1967574_west,196748_west
0,1967575_west,196749_west
1,1967576_west,196749_west
2,1967577_west,196749_west
3,1967578_west,196749_west
4,1967579_west,196749_west
5,1967580_west,196749_west
6,1967581_west,196749_west
7,1967582_west,196749_west
8,1967583_west,196749_west
9,1967584_west,196749_west
10,1967585_west,196749_west
11,1967586_west,196749_west
12,1967587_west,196749_west
13,1967588_west,196749_west
14,1967589_west,196749_west
15,1967590_west,196749_west
0,1967591_west,196750_west
1,1967592_west,196750_west
2,1967593_west,196750_west
3,1967594_west,196750_west
4,1967595_west,196750_west
5,1967596_west,196750_west
6,1967597_west,196750_west
7,1967598_west,196750_west
8,1967599_west,196750_west
9,1967600_west,196750_west
10,1967601_west,196750_west
11,1967602_west,196750_west
12,1967603_west,196750_west
13,1967604_west,196750_west
14,1967605_west,196750_west
0,1967606_west,196751_west
1,1967607_west,196751_west
2,1967608_west,196751_west
3,1967609_west,196751_west
4,1967610_west,196751_west
5,1967611_west,196751_west
6,1967612_west,196751_west
7,1967613_west,196751_west
8,1967614_west,196751_west
9,1967615_west,196751_west
10,1967616_west,196751_west
11,1967617_west,196751_west
0,1967618_west,196752_west
1,1967619_west,196752_west
2,1967620_west,196752_west
3,1967621_west,196752_west
4,1967622_west,196752_west
5,1967623_west,196752_west
6,1967624_west,196752_west
7,1967625_west,196752_west
8,1967626_west,196752_west
9,1967627_west,196752_west
0,1967628_west,196753_west
1,1967629_west,196753_west
2,1967630_west,196753_west
3,1967631_west,196753_west
4,1967632_west,196753_west
5,1967633_west,196753_west
6,1967634_west,196753_west
7,1967635_west,196753_west
8,1967636_west,196753_west
9,1967637_west,196753_west
10,1967638_west,196753_west
11,1967639_west,196753_west
12,1967640_west,196753_west
13,1967641_west,196753_west
14,1967642_west,196753_west
15,1967643_west,196753_west
0,1967644_west,196754_west
1,1967645_west,196754_west
2,1967646_west,196754_west
3,1967647_west,196754_west
4,1967648_west,196754_west
5,1967649_west,196754_west
6,1967650_west,196754_west
7,1967651_west,196754_west
8,1967652_west,196754_west
9,1967653_west,196754_west
10,1967654_west,196754_west
11,1967655_west,196754_west
12,1967656_west,196754_west
13,1967657_west,196754_west
14,1967658_west,196754_west
0,1967659_west,196755_west
1,1967660_west,196755_west
2,1967661_west,196755_west
3,1967662_west,196755_west
4,1967663_west,196755_west
5,1967664_west,196755_west
6,1967665_west,196755_west
7,1967666_west,196755_west
8,1967667_west,196755_west
9,1967668_west,196755_west
10,1967669_west,196755_west
11,1967670_west,196755_west
12,1967671_west,196755_west
13,1967672_west,196755_west
14,1967673_west,196755_west
15,1967674_west,196755_west
0,1967675_west,196756_west
1,1967676_west,196756_west
2,1967677_west,196756_west
3,1967678_west,196756_west
4,1967679_west,196756_west
5,1967680_west,196756_west
6,1967681_west,196756_west
7,1967682_west,196756_west
8,1967683_west,196756_west
9,1967684_west,196756_west
10,1967685_west,196756_west
11,1967686_west,196756_west
12,1967687_west,196756_west
13,1967688_west,196756_west
14,1967689_west,196756_west
15,1967690_west,196756_west
0,1967691_west,196757_west
1,1967692_west,196757_west
2,1967693_west,196757_west
3,1967694_west,196757_west
4,1967695_west,196757_west
5,1967696_west,196757_west
6,1967697_west,196757_west
7,1967698_west,196757_west
8,1967699_west,196757_west
9,1967700_west,196757_west
10,1967701_west,196757_west
11,1967702_west,196757_west
12,1967703_west,196757_west
13,1967704_west,196757_west
0,1967705_west,196758_west
1,1967706_west,196758_west
2,1967707_west,196758_west
3,1967708_west,196758_west
4,1967709_west,196758_west
5,1967710_west,196758_west
6,1967711_west,196758_west
7,1967712_west,196758_west
8,1967713_west,196758_west
9,1967714_west,196758_west
0,1967715_west,196759_west
1,1967716_west,196759_west
2,1967717_west,196759_west
3,1967718_west,196759_west
4,1967719_west,196759_west
5,1967720_west,196759_west
0,1967721_west,196760_west
1,1967722_west,196760_west
2,1967723_west,196760_west
3,1967724_west,196760_west
4,1967725_west,196760_west
5,1967726_west,196760_west
6,1967727_west,196760_west
0,1967728_west,196761_west
1,1967729_west,196761_west
2,1967730_west,196761_west
3,1967731_west,196761_west
4,1967732_west,196761_west
5,1967733_west,196761_west
0,1967734_west,196762_west
1,1967735_west,196762_west
2,1967736_west,196762_west
3,1967737_west,196762_west
4,1967738_west,196762_west
5,1967739_west,196762_west
6,1967740_west,196762_west
7,1967741_west,196762_west
8,1967742_west,196762_west
9,1967743_west,196762_west
10,1967744_west,196762_west
11,1967745_west,196762_west
12,1967746_west,196762_west
13,1967747_west,196762_west
14,1967748_west,196762_west
0,1967749_west,196763_west
1,1967750_west,196763_west
2,1967751_west,196763_west
3,1967752_west,196763_west
4,1967753_west,196763_west
5,1967754_west,196763_west
6,1967755_west,196763_west
7,1967756_west,196763_west
8,1967757_west,196763_west
9,1967758_west,196763_west
10,1967759_west,196763_west
11,1967760_west,196763_west
12,1967761_west,196763_west
13,1967762_west,196763_west
14,1967763_west,196763_west
0,1967764_west,196764_west
1,1967765_west,196764_west
2,1967766_west,196764_west
3,1967767_west,196764_west
4,1967768_west,196764_west
5,1967769_west,196764_west
6,1967770_west,196764_west
7,1967771_west,196764_west
8,1967772_west,196764_west
9,1967773_west,196764_west
10,1967774_west,196764_west
11,1967775_west,196764_west
12,1967776_west,196764_west
13,1967777_west,196764_west
14,1967778_west,196764_west
0,1967779_west,196765_west
1,1967780_west,196765_west
2,1967781_west,196765_west
3,1967782_west,196765_west
4,1967783_west,196765_west
5,1967784_west,196765_west
6,1967785_west,196765_west
7,1967786_west,196765_west
8,1967787_west,196765_west
9,1967788_west,196765_west
10,1967789_west,196765_west
11,1967790_west,196765_west
0,1967791_west,196766_west
1,1967792_west,196766_west
2,1967793_west,196766_west
3,1967794_west,196766_west
4,1967795_west,196766_west
5,1967796_west,196766_west
6,1967797_west,196766_west
7,1967798_west,196766_west
8,1967799_west,196766_west
9,1967800_west,196766_west
10,1967801_west,196766_west
11,1967802_west,196766_west
12,1967803_west,196766_west
13,1967804_west,196766_west
14,1967805_west,196766_west
0,1967806_west,196767_west
1,1967807_west,196767_west
2,1967808_west,196767_west
3,1967809_west,196767_west
4,1967810_west,196767_west
5,1967811_west,196767_west
6,1967812_west,196767_west
7,1967813_west,196767_west
8,1967814_west,196767_west
9,1967815_west,196767_west
10,1967816_west,196767_west
11,1967817_west,196767_west
12,1967818_west,196767_west
13,1967819_west,196767_west
14,1967820_west,196767_west
15,1967821_west,196767_west
0,1967822_west,196768_west
1,1967823_west,196768_west
2,1967824_west,196768_west
3,1967825_west,196768_west
4,1967826_west,196768_west
5,1967827_west,196768_west
0,1967828_west,196769_west
1,1967829_west,196769_west
2,1967830_west,196769_west
3,1967831_west,196769_west
4,1967830_west,196769_west
5,1967828_west,196769_west
0,1967832_west,196770_west
1,1967833_west,196770_west
2,1967834_west,196770_west
3,1967835_west,196770_west
4,1967836_west,196770_west
5,1967837_west,196770_west
6,1967838_west,196770_west
7,1967839_west,196770_west
8,1967840_west,196770_west
9,1967841_west,196770_west
10,1967842_west,196770_west
11,1967843_west,196770_west
12,1967844_west,196770_west
13,1967845_west,196770_west
14,1967846_west,196770_west
15,1967847_west,196770_west
16,1967848_west,196770_west
17,1967849_west,196770_west
18,1967850_west,196770_west
19,1967851_west,196770_west
0,1967852_west,196771_west
1,1967853_west,196771_west
2,1967854_west,196771_west
3,1967855_west,196771_west
4,1967856_west,196771_west
5,1967857_west,196771_west
6,1967858_west,196771_west
7,1967859_west,196771_west
8,1967860_west,196771_west
9,1967861_west,196771_west
10,1967862_west,196771_west
11,1967863_west,196771_west
12,1967864_west,196771_west
0,1967865_west,196772_west
1,1967866_west,196772_west
2,1967867_west,196772_west
3,1967868_west,196772_west
4,1967869_west,196772_west
5,1967870_west,196772_west
6,1967871_west,196772_west
0,1967872_west,196773_west
1,1967873_west,196773_west
2,1967874_west,196773_west
3,1967875_west,196773_west
4,1967876_west,196773_west
5,1967877_west,196773_west
6,1967878_west,196773_west
7,1967879_west,196773_west
8,1967872_west,196773_west
0,1967880_west,196774_west
1,1967881_west,196774_west
2,1967882_west,196774_west
3,1967883_west,196774_west
4,1967884_west,196774_west
5,1967885_west,196774_west
6,1967886_west,196774_west
7,1967887_west,196774_west
8,1967888_west,196774_west
9,1967889_west,196774_west
10,1967890_west,196774_west
11,1967891_west,196774_west
12,1967892_west,196774_west
13,1967893_west,196774_west
14,1967894_west,196774_west
0,1967895_west,196775_west
1,1967896_west,196775_west
2,1967897_west,196775_west
3,1967898_west,196775_west
4,1967899_west,196775_west
5,1967900_west,196775_west
0,1967901_west,196776_west
1,1967902_west,196776_west
2,1967903_west,196776_west
3,1967904_west,196776_west
4,1967905_west,196776_west
5,1967906_west,196776_west
0,1967907_west,196777_west
1,1967908_west,196777_west
2,1967909_west,196777_west
3,1967910_west,196777_west
4,1967911_west,196777_west
5,1967912_west,196777_west
6,1967913_west,196777_west
7,1967914_west,196777_west
8,1967915_west,196777_west
9,1967916_west,196777_west
10,1967917_west,196777_west
11,1967918_west,196777_west
12,1967919_west,196777_west
13,1967920_west,196777_west
14,1967921_west,196777_west
0,1967922_west,196778_west
1,1967923_west,196778_west
2,1967924_west,196778_west
3,1967925_west,196778_west
4,1967926_west,196778_west
5,1967922_west,196778_west
0,1967927_west,196779_west
1,1967928_west,196779_west
2,1967929_west,196779_west
3,1967930_west,196779_west
4,1967931_west,196779_west
5,1967932_west,196779_west
6,1967933_west,196779_west
7,1967934_west,196779_west
8,1967935_west,196779_west
9,1967936_west,196779_west
10,1967937_west,196779_west
11,1967938_west,196779_west
12,1967939_west,196779_west
13,1967940_west,196779_west
14,1967941_west,196779_west
15,1967942_west,196779_west
0,1967943_west,196780_west
1,1967944_west,196780_west
2,1967945_west,196780_west
3,1967946_west,196780_west
4,1967947_west,196780_west
5,1967948_west,196780_west
6,1967949_west,196780_west
7,1967950_west,196780_west
8,1967951_west,196780_west
9,1967952_west,196780_west
10,1967953_west,196780_west
11,1967954_west,196780_west
12,1967955_west,196780_west
13,1967956_west,196780_west
0,1967957_west,196781_west
1,1967958_west,196781_west
2,1967959_west,196781_west
3,1967960_west,196781_west
4,1967961_west,196781_west
5,1967962_west,196781_west
6,1967963_west,196781_west
7,1967964_west,196781_west
8,1967965_west,196781_west
9,1967966_west,196781_west
10,1967967_west,196781_west
11,1967968_west,196781_west
12,1967969_west,196781_west
13,1967970_west,196781_west
14,1967971_west,196781_west
15,1967972_west,196781_west
16,1967973_west,196781_west
0,1967974_west,196782_west
1,1967975_west,196782_west
2,1967976_west,196782_west
3,1967977_west,196782_west
4,1967978_west,196782_west
5,1967979_west,196782_west
6,1967980_west,196782_west
7,1967981_west,196782_west
8,1967982_west,196782_west
9,1967983_west,196782_west
10,1967984_west,196782_west
11,1967985_west,196782_west
0,1967986_west,196783_west
1,1967987_west,196783_west
2,1967988_west,196783_west
3,1967989_west,196783_west
4,1967990_west,196783_west
5,1967991_west,196783_west
6,1967992_west,196783_west
7,1967993_west,196783_west
8,1967994_west,196783_west
9,1967995_west,196783_west
10,1967996_west,196783_west
11,1967997_west,196783_west
12,1967998_west,196783_west
13,1967999_west,196783_west
14,19671000_west,196783_west
15,19671001_west,196783_west
16,19671002_west,196783_west
17,19671003_west,196783_west
18,19671004_west,196783_west
0,19671005_west,196784_west
1,19671006_west,196784_west
2,19671007_west,196784_west
3,19671008_west,196784_west
4,19671009_west,196784_west
5,19671010_west,196784_west
6,19671011_west,196784_west
7,19671012_west,196784_west
8,19671013_west,196784_west
9,19671014_west,196784_west
10,19671015_west,196784_west
11,19671016_west,196784_west
12,19671017_west,196784_west
13,19671018_west,196784_west
14,19671019_west,196784_west
15,19671020_west,196784_west
16,19671021_west,196784_west
0,19671022_west,196785_west
1,19671023_west,196785_west
2,19671024_west,196785_west
0,19671025_west,196786_west
1,19671026_west,196786_west
2,19671027_west,196786_west
3,19671028_west,196786_west
4,19671029_west,196786_west
0,19671030_west,196787_west
1,19671031_west,196787_west
0,19671032_west,196788_west
1,19671033_west,196788_west
2,19671034_west,196788_west
3,19671035_west,196788_west
4,19671036_west,196788_west
5,19671037_west,196788_west
6,19671038_west,196788_west
7,19671039_west,196788_west
8,19671040_west,196788_west
9,19671041_west,196788_west
10,19671042_west,196788_west
11,19671043_west,196788_west
12,19671044_west,196788_west
13,19671045_west,196788_west
14,19671046_west,196788_west
15,19671047_west,196788_west
16,19671048_west,196788_west
17,19671049_west,196788_west
18,19671050_west,196788_west
19,19671051_west,196788_west
20,19671052_west,196788_west
21,19671053_west,196788_west
22,19671054_west,196788_west
23,19671055_west,196788_west
0,19671056_west,196789_west
1,19671057_west,196789_west
2,19671058_west,196789_west
3,19671059_west,196789_west
4,19671060_west,196789_west
5,19671061_west,196789_west
6,19671062_west,196789_west
7,19671063_west,196789_west
8,19671064_west,196789_west
9,19671065_west,196789_west
10,19671066_west,196789_west
11,19671067_west,196789_west
0,19671068_west,196790_west
1,19671069_west,196790_west
2,19671070_west,196790_west
3,19671071_west,196790_west
4,19671072_west,196790_west
5,19671073_west,196790_west
6,19671074_west,196790_west
7,19671075_west,196790_west
0,19671076_west,196791_west
1,19671077_west,196791_west
2,19671078_west,196791_west
3,19671079_west,196791_west
4,19671080_west,196791_west
5,19671081_west,196791_west
6,19671082_west,196791_west
7,19671083_west,196791_west
8,19671084_west,196791_west
0,19671085_west,196792_west
1,19671086_west,196792_west
2,19671087_west,196792_west
3,19671088_west,196792_west
4,19671089_west,196792_west
5,19671090_west,196792_west
6,19671091_west,196792_west
7,19671092_west,196792_west
8,19671093_west,196792_west
9,19671094_west,196792_west
10,19671095_west,196792_west
11,19671096_west,196792_west
12,19671097_west,196792_west
13,19671098_west,196792_west
14,19671099_west,196792_west
15,19671100_west,196792_west
16,19671101_west,196792_west
17,19671102_west,196792_west
18,19671103_west,196792_west
0,19671104_west,196793_west
1,19671105_west,196793_west
2,19671106_west,196793_west
3,19671107_west,196793_west
4,19671108_west,196793_west
5,19671109_west,196793_west
6,19671110_west,196793_west
7,19671111_west,196793_west
8,19671112_west,196793_west
0,19671113_west,196794_west
1,19671114_west,196794_west
2,19671115_west,196794_west
3,19671116_west,196794_west
0,19671117_west,196795_west
1,19671118_west,196795_west
2,19671119_west,196795_west
3,19671120_west,196795_west
4,19671121_west,196795_west
5,19671122_west,196795_west
6,19671123_west,196795_west
7,19671124_west,196795_west
8,19671125_west,196795_west
9,19671126_west,196795_west
10,19671127_west,196795_west
11,19671128_west,196795_west
12,19671129_west,196795_west
13,19671130_west,196795_west
14,19671131_west,196795_west
15,19671132_west,196795_west
16,19671133_west,196795_west
17,19671134_west,196795_west
18,19671135_west,196795_west
0,19671136_west,196796_west
1,19671137_west,196796_west
2,19671138_west,196796_west
3,19671139_west,196796_west
4,19671140_west,196796_west
5,19671141_west,196796_west
6,19671142_west,196796_west
7,19671143_west,196796_west
8,19671144_west,196796_west
9,19671145_west,196796_west
10,19671146_west,196796_west
0,19671147_west,196797_west
1,19671148_west,196797_west
2,19671149_west,196797_west
3,19671150_west,196797_west
4,19671151_west,196797_west
5,19671152_west,196797_west
6,19671153_west,196797_west
7,19671154_west,196797_west
8,19671155_west,196797_west
9,19671156_west,196797_west
10,19671157_west,196797_west
11,19671158_west,196797_west
12,19671159_west,196797_west
13,19671160_west,196797_west
14,19671161_west,196797_west
15,19671162_west,196797_west
16,19671163_west,196797_west
17,19671164_west,196797_west
18,19671165_west,196797_west
19,19671166_west,196797_west
20,19671167_west,196797_west
21,19671168_west,196797_west
22,19671169_west,196797_west
23,19671170_west,196797_west
0,19671171_west,196798_west
1,19671172_west,196798_west
0,19671173_west,196799_west
1,19671174_west,196799_west
2,19671175_west,196799_west
3,19671176_west,196799_west
4,19671177_west,196799_west
5,19671178_west,196799_west
6,19671179_west,196799_west
7,19671180_west,196799_west
8,19671181_west,196799_west
9,19671182_west,196799_west
10,19671183_west,196799_west
11,19671184_west,196799_west
12,19671185_west,196799_west
13,19671186_west,196799_west
0,19671187_west,1967100_west
1,19671188_west,1967100_west
2,19671189_west,1967100_west
3,19671190_west,1967100_west
4,19671191_west,1967100_west
5,19671192_west,1967100_west
6,19671193_west,1967100_west
7,19671194_west,1967100_west
8,19671195_west,1967100_west
9,19671196_west,1967100_west
10,19671197_west,1967100_west
0,19671198_west,1967101_west
1,19671199_west,1967101_west
2,19671200_west,1967101_west
3,19671201_west,1967101_west
4,19671202_west,1967101_west
5,19671203_west,1967101_west
6,19671204_west,1967101_west
7,19671205_west,1967101_west
8,19671206_west,1967101_west
9,19671207_west,1967101_west
10,19671208_west,1967101_west
11,19671209_west,1967101_west
12,19671210_west,1967101_west
13,19671211_west,1967101_west
0,19671212_west,1967102_west
1,19671213_west,1967102_west
