stop_order,stop_id,line_id,distance_meters
0,19560_unified,19561_unified,860.650574025092
1,19561_unified,19561_unified,575.6224671060139
2,19562_unified,19561_unified,454.9764158286242
3,19563_unified,19561_unified,1001.7324480566352
4,19564_unified,19561_unified,556.5365731740116
5,19565_unified,19561_unified,553.8962797794475
6,19566_unified,19561_unified,379.3261708831901
7,19567_unified,19561_unified,1017.6326019610724
8,19568_unified,19561_unified,616.0777014132343
9,19569_unified,19561_unified,436.60953777503914
10,195610_unified,19561_unified,560.2089330904453
11,195611_unified,19561_unified,
0,195612_unified,19562_unified,1247.4806133850066
1,195613_unified,19562_unified,1183.5388763299484
2,195614_unified,19562_unified,1392.3607910678186
3,195615_unified,19562_unified,1507.6760120132417
4,195616_unified,19562_unified,1095.504672891507
5,195617_unified,19562_unified,701.1187770883037
6,195618_unified,19562_unified,923.0637580533673
7,195619_unified,19562_unified,948.0358525383363
8,195620_unified,19562_unified,1718.849692534736
9,195621_unified,19562_unified,1673.1925645396004
10,195622_unified,19562_unified,1306.2231324935312
11,195623_unified,19562_unified,655.4828625137701
12,195624_unified,19562_unified,1661.1385252375037
13,195625_unified,19562_unified,571.1640596549967
14,195626_unified,19562_unified,
0,195627_unified,19563_unified,1062.1265668923131
1,195628_unified,19563_unified,1201.1477288951864
2,195629_unified,19563_unified,930.76484239296
3,195630_unified,19563_unified,266.94544470619206
4,195631_unified,19563_unified,1213.791597638984
5,195632_unified,19563_unified,738.468172854766
6,195633_unified,19563_unified,391.55344249652
7,195634_unified,19563_unified,1850.7808589124793
8,195635_unified,19563_unified,1006.0851891242353
9,195636_unified,19563_unified,1487.9919187170071
10,195637_unified,19563_unified,1134.137972129098
11,195638_unified,19563_unified,734.5788192004492
12,195639_unified,19563_unified,
0,195640_unified,19564_unified,1166.2388259351706
1,195641_unified,19564_unified,928.6207628021991
2,195642_unified,19564_unified,464.0657604549637
3,195643_unified,19564_unified,1832.4555563038914
4,195644_unified,19564_unified,1537.3924517264536
5,195645_unified,19564_unified,955.1140117057815
6,195646_unified,19564_unified,1176.2770513881874
7,195647_unified,19564_unified,1180.8610412356286
8,195648_unified,19564_unified,744.9201006515466
9,195649_unified,19564_unified,1274.8015209734203
10,195650_unified,19564_unified,340.20363416202025
11,195651_unified,19564_unified,711.9922615723731
12,195652_unified,19564_unified,1936.5434792149897
13,195653_unified,19564_unified,1599.0634784251401
14,195654_unified,19564_unified,1513.639801848772
15,195655_unified,19564_unified,1226.9104605648172
16,195656_unified,19564_unified,1205.0459635372608
17,195657_unified,19564_unified,492.53995019417135
18,195658_unified,19564_unified,
0,195659_unified,19565_unified,1062.1265668923131
1,195660_unified,19565_unified,484.8593024039357
2,195661_unified,19565_unified,362.8302661146504
3,195662_unified,19565_unified,436.3314773761126
4,195663_unified,19565_unified,858.3027402224645
5,195664_unified,19565_unified,373.317016775686
6,195665_unified,19565_unified,759.9903834278597
7,195666_unified,19565_unified,356.23654920728677
8,195667_unified,19565_unified,696.9579387407435
9,195668_unified,19565_unified,885.1495968873576
10,195669_unified,19565_unified,459.7007961922581
11,195670_unified,19565_unified,
0,195671_unified,19566_unified,923.0637580533673
1,195672_unified,19566_unified,1419.3751561112547
2,195673_unified,19566_unified,445.89880576723766
3,195674_unified,19566_unified,423.97051581900956
4,195675_unified,19566_unified,2083.715938601727
5,195676_unified,19566_unified,1014.6363473492768
6,195677_unified,19566_unified,1145.9419128036059
7,195678_unified,19566_unified,1122.5335974220284
8,195679_unified,19566_unified,1647.458037376398
9,195680_unified,19566_unified,823.8728726835225
10,195681_unified,19566_unified,1295.94705058729
11,195682_unified,19566_unified,710.3045802769625
12,195683_unified,19566_unified,1410.4237315142536
13,195684_unified,19566_unified,1283.22860035148
14,195685_unified,19566_unified,
0,195686_unified,19567_unified,667.9687181962769
1,195687_unified,19567_unified,427.0300056322641
2,195688_unified,19567_unified,1058.276122751379
3,195689_unified,19567_unified,556.5365731740116
4,195690_unified,19567_unified,553.8962797794475
5,195691_unified,19567_unified,379.3261708831901
6,195692_unified,19567_unified,1017.6326019610724
7,195693_unified,19567_unified,616.0777014132343
8,195694_unified,19567_unified,174.04730823208095
9,195695_unified,19567_unified,
0,195696_unified,19568_unified,1076.779275974791
1,195697_unified,19568_unified,951.6668500935587
2,195698_unified,19568_unified,663.40909316109
3,195699_unified,19568_unified,1465.022625020313
4,1956100_unified,19568_unified,251.5258432583709
5,1956101_unified,19568_unified,1336.6942384992574
6,1956102_unified,19568_unified,436.3314773761126
7,1956103_unified,19568_unified,858.3027402224645
8,1956104_unified,19568_unified,373.317016775686
9,1956105_unified,19568_unified,759.9903834278597
10,1956106_unified,19568_unified,356.23654920728677
11,1956107_unified,19568_unified,696.9579387407435
12,1956108_unified,19568_unified,885.1495968873576
13,1956109_unified,19568_unified,459.7007961922581
14,1956110_unified,19568_unified,
0,1956111_unified,19569_unified,421.07176435527276
1,1956112_unified,19569_unified,1766.5716339060882
2,1956113_unified,19569_unified,846.9337682066694
3,1956114_unified,19569_unified,785.7193923861009
4,1956115_unified,19569_unified,730.3702473540603
5,1956116_unified,19569_unified,802.683159989887
6,1956117_unified,19569_unified,742.8256561257299
7,1956118_unified,19569_unified,373.2541499277136
8,1956119_unified,19569_unified,807.5981822131455
9,1956120_unified,19569_unified,349.0194055345641
10,1956121_unified,19569_unified,714.5462644537064
11,1956122_unified,19569_unified,685.6395339637467
12,1956123_unified,19569_unified,622.0525094442917
13,1956124_unified,19569_unified,
0,1956125_unified,195610_unified,658.1397006935097
1,1956126_unified,195610_unified,896.4143019846879
2,1956127_unified,195610_unified,1286.3716677630011
3,1956128_unified,195610_unified,1085.1595773663262
4,1956129_unified,195610_unified,457.5995562968838
5,1956130_unified,195610_unified,444.9120292237665
6,1956131_unified,195610_unified,814.7976389317532
7,1956132_unified,195610_unified,1138.5270636163884
8,1956133_unified,195610_unified,1028.310335717693
9,1956134_unified,195610_unified,803.1677633444571
10,1956135_unified,195610_unified,491.42382748947693
11,1956136_unified,195610_unified,993.7073379253093
12,1956137_unified,195610_unified,451.6513467829687
13,1956138_unified,195610_unified,380.2243140468351
14,1956139_unified,195610_unified,
0,1956140_unified,195611_unified,1193.1813196863027
1,1956141_unified,195611_unified,428.54405248029735
2,1956142_unified,195611_unified,1190.4458059071
3,1956143_unified,195611_unified,304.1661846605168
4,1956144_unified,195611_unified,655.4828625137701
5,1956145_unified,195611_unified,958.3054630329719
6,1956146_unified,195611_unified,1185.7741984721888
7,1956147_unified,195611_unified,623.1700395143978
8,1956148_unified,195611_unified,863.5974824617607
9,1956149_unified,195611_unified,234.34371338836252
10,1956150_unified,195611_unified,
0,1956151_unified,195612_unified,1193.1813196863027
1,1956152_unified,195612_unified,430.65704797581265
2,1956153_unified,195612_unified,521.271402008927
3,1956154_unified,195612_unified,559.9259399628448
4,1956155_unified,195612_unified,792.0636651698792
5,1956156_unified,195612_unified,493.7692974468212
6,1956157_unified,195612_unified,
0,1956158_unified,195613_unified,1696.9726927614217
1,1956159_unified,195613_unified,1484.1194303155316
2,1956160_unified,195613_unified,1146.6846219861375
3,1956161_unified,195613_unified,909.3521906650225
4,1956162_unified,195613_unified,1364.735458718026
5,1956163_unified,195613_unified,1527.2774631399952
6,1956164_unified,195613_unified,1924.6487766013481
7,1956165_unified,195613_unified,770.3077548613901
8,1956166_unified,195613_unified,862.0713853550446
9,1956167_unified,195613_unified,1802.2866889452182
10,1956168_unified,195613_unified,843.9181528214382
11,1956169_unified,195613_unified,923.0637580533673
12,1956170_unified,195613_unified,1419.3751561112547
13,1956171_unified,195613_unified,389.79952323717583
14,1956172_unified,195613_unified,110.15738417274267
15,1956173_unified,195613_unified,380.88142452587203
16,1956174_unified,195613_unified,750.8416757032181
17,1956175_unified,195613_unified,602.4055200192762
18,1956176_unified,195613_unified,
0,1956177_unified,195614_unified,265.5159929243666
1,1956178_unified,195614_unified,529.0090804924349
2,1956179_unified,195614_unified,945.9806743501293
3,1956180_unified,195614_unified,391.81110048688436
4,1956181_unified,195614_unified,631.5580680363825
5,1956182_unified,195614_unified,257.35850950448935
6,1956183_unified,195614_unified,696.3787142132439
7,1956184_unified,195614_unified,732.8275625716567
8,1956185_unified,195614_unified,807.5981822131455
9,1956186_unified,195614_unified,1103.823954147548
10,1956187_unified,195614_unified,798.4774829273381
11,1956188_unified,195614_unified,
0,1956189_unified,195615_unified,687.9767738615924
1,1956190_unified,195615_unified,1456.1839598332394
2,1956191_unified,195615_unified,1744.741787222225
3,1956192_unified,195615_unified,995.8310033669974
4,1956193_unified,195615_unified,2285.8004937236788
5,1956194_unified,195615_unified,
0,1956195_unified,195616_unified,1637.2256803830471
1,1956196_unified,195616_unified,2318.420588515354
2,1956197_unified,195616_unified,1564.7948251086018
3,1956198_unified,195616_unified,1075.748583943451
4,1956199_unified,195616_unified,1673.2469792963198
5,1956200_unified,195616_unified,1487.3323560460296
6,1956201_unified,195616_unified,1141.2990517556311
7,1956202_unified,195616_unified,863.1830566900844
8,1956203_unified,195616_unified,1346.829282270543
9,1956204_unified,195616_unified,660.8053031714824
10,1956205_unified,195616_unified,798.4351177757735
11,1956206_unified,195616_unified,700.6676381914474
12,1956207_unified,195616_unified,330.5647057936972
13,1956208_unified,195616_unified,522.2412217502598
14,1956209_unified,195616_unified,555.4122149830922
15,1956210_unified,195616_unified,
0,1956211_unified,195617_unified,645.7154371799277
1,1956212_unified,195617_unified,2691.40800579333
2,1956213_unified,195617_unified,1564.7948251086018
3,1956214_unified,195617_unified,1075.748583943451
4,1956215_unified,195617_unified,1673.2469792963198
5,1956216_unified,195617_unified,1484.3646285539146
6,1956217_unified,195617_unified,1146.9674522036728
7,1956218_unified,195617_unified,863.1830566900844
8,1956219_unified,195617_unified,1346.829282270543
9,1956220_unified,195617_unified,660.8053031714824
10,1956221_unified,195617_unified,798.4351177757735
11,1956222_unified,195617_unified,699.9685624242976
12,1956223_unified,195617_unified,334.43545288621044
13,1956224_unified,195617_unified,522.2412217502598
14,1956225_unified,195617_unified,559.9259399628448
15,1956226_unified,195617_unified,
0,1956227_unified,195618_unified,1918.0732302847262
1,1956228_unified,195618_unified,1746.4785560681732
2,1956229_unified,195618_unified,584.0033516961732
3,1956230_unified,195618_unified,1213.9444455171783
4,1956231_unified,195618_unified,759.2495880430653
5,1956232_unified,195618_unified,859.8750402508512
6,1956233_unified,195618_unified,849.8845548015328
7,1956234_unified,195618_unified,1554.3786654356961
8,1956235_unified,195618_unified,397.72916242953266
9,1956236_unified,195618_unified,830.2069729098342
10,1956237_unified,195618_unified,612.6072560945771
11,1956238_unified,195618_unified,764.2983233346679
12,1956239_unified,195618_unified,1208.4445133811294
13,1956240_unified,195618_unified,784.3671956133194
14,1956241_unified,195618_unified,180.6232107216677
15,1956242_unified,195618_unified,
0,1956243_unified,195619_unified,811.2125286736065
1,1956244_unified,195619_unified,1210.4282857411108
2,1956245_unified,195619_unified,483.74002933504727
3,1956246_unified,195619_unified,451.16228758872893
4,1956247_unified,195619_unified,914.8706452285377
5,1956248_unified,195619_unified,283.71597566406507
6,1956249_unified,195619_unified,337.955014965993
7,1956250_unified,195619_unified,527.5887710257209
8,1956251_unified,195619_unified,559.9259399628448
9,1956252_unified,195619_unified,
0,1956253_unified,195620_unified,858.3748148159251
1,1956254_unified,195620_unified,220.07399937233956
2,1956255_unified,195620_unified,914.4571498783761
3,1956256_unified,195620_unified,1162.748228074197
4,1956257_unified,195620_unified,131.16241336217254
5,1956258_unified,195620_unified,1008.0322178615994
6,1956259_unified,195620_unified,686.8383278635877
7,1956260_unified,195620_unified,
0,1956261_unified,195621_unified,1696.9726927614217
1,1956262_unified,195621_unified,1484.1194303155316
2,1956263_unified,195621_unified,1146.6846219861375
3,1956264_unified,195621_unified,1968.4019372182458
4,1956265_unified,195621_unified,319.7563532378074
5,1956266_unified,195621_unified,464.23717557092965
6,1956267_unified,195621_unified,1209.9817360971963
7,1956268_unified,195621_unified,1013.3810654351284
8,1956269_unified,195621_unified,408.5059158218553
9,1956270_unified,195621_unified,321.303143891922
10,1956271_unified,195621_unified,648.8705688158399
11,1956272_unified,195621_unified,871.4954494338482
12,1956273_unified,195621_unified,355.5853387106403
13,1956274_unified,195621_unified,493.7692974468212
14,1956275_unified,195621_unified,
0,1956276_unified,195622_unified,1183.0234263685086
1,1956277_unified,195622_unified,971.7566511418325
2,1956278_unified,195622_unified,900.2338347435082
3,1956279_unified,195622_unified,1422.9678122682672
4,1956280_unified,195622_unified,1413.348206309297
5,1956281_unified,195622_unified,1274.8015209734203
6,1956282_unified,195622_unified,743.7992784288756
7,1956283_unified,195622_unified,1181.6851281675692
8,1956284_unified,195622_unified,593.3302086238126
9,1956285_unified,195622_unified,811.1718396818766
10,1956286_unified,195622_unified,434.54742604199686
11,1956287_unified,195622_unified,716.6590314174637
12,1956288_unified,195622_unified,811.7128143763844
13,1956289_unified,195622_unified,927.1348307386311
14,1956290_unified,195622_unified,131.76138950619517
15,1956291_unified,195622_unified,1779.7880965162524
16,1956292_unified,195622_unified,
0,1956293_unified,195623_unified,662.6957886377286
1,1956294_unified,195623_unified,1017.0786071869179
2,1956295_unified,195623_unified,464.5817563357529
3,1956296_unified,195623_unified,1085.1595773663262
4,1956297_unified,195623_unified,457.5995562968838
5,1956298_unified,195623_unified,444.9120292237665
6,1956299_unified,195623_unified,814.7976389317532
7,1956300_unified,195623_unified,1138.5270636163884
8,1956301_unified,195623_unified,1028.310335717693
9,1956302_unified,195623_unified,803.1677633444571
10,1956303_unified,195623_unified,541.1688952712649
11,1956304_unified,195623_unified,1017.6326019610724
12,1956305_unified,195623_unified,616.0777014132343
13,1956306_unified,195623_unified,436.60953777503914
14,1956307_unified,195623_unified,560.2089330904453
15,1956308_unified,195623_unified,
0,1956309_unified,195624_unified,998.268901714733
1,1956310_unified,195624_unified,595.520752984782
2,1956311_unified,195624_unified,730.4931085264785
3,1956312_unified,195624_unified,710.3045802769625
4,1956313_unified,195624_unified,1295.94705058729
5,1956314_unified,195624_unified,829.3954749127008
6,1956315_unified,195624_unified,697.1217435159309
7,1956316_unified,195624_unified,891.3359169146853
8,1956317_unified,195624_unified,1300.7511814514698
9,1956318_unified,195624_unified,3382.572977490346
10,1956319_unified,195624_unified,
0,1956320_unified,195625_unified,3812.154113507335
1,1956321_unified,195625_unified,1380.1806042625242
2,1956322_unified,195625_unified,482.4250249297533
3,1956323_unified,195625_unified,1407.3138846391823
4,1956324_unified,195625_unified,444.9120292237665
5,1956325_unified,195625_unified,814.7976389317532
6,1956326_unified,195625_unified,1138.5270636163884
7,1956327_unified,195625_unified,1028.310335717693
8,1956328_unified,195625_unified,803.1677633444571
9,1956329_unified,195625_unified,491.42382748947693
10,1956330_unified,195625_unified,829.8705169909565
11,1956331_unified,195625_unified,70.11853760569093
12,1956332_unified,195625_unified,
0,1956333_unified,195626_unified,2160.326369485745
1,1956334_unified,195626_unified,977.7569214465017
2,1956335_unified,195626_unified,827.7221654073031
3,1956336_unified,195626_unified,981.7956551482913
4,1956337_unified,195626_unified,676.8951773709597
5,1956338_unified,195626_unified,
0,1956339_unified,195627_unified,716.6929307598302
1,1956340_unified,195627_unified,749.2270034792829
2,1956341_unified,195627_unified,1536.9192234281786
3,1956342_unified,195627_unified,513.1576554159694
4,1956343_unified,195627_unified,469.575587123606
5,1956344_unified,195627_unified,1409.1491070184238
6,1956345_unified,195627_unified,1715.6066973801505
7,1956346_unified,195627_unified,1325.5873283291805
8,1956347_unified,195627_unified,1432.910043698338
9,1956348_unified,195627_unified,1063.406966990907
10,1956349_unified,195627_unified,281.6807708534107
11,1956350_unified,195627_unified,340.20363416202025
12,1956351_unified,195627_unified,157.28785427301912
13,1956352_unified,195627_unified,659.8969599365075
14,1956353_unified,195627_unified,597.6221943813811
15,1956354_unified,195627_unified,1034.3372436830741
16,1956355_unified,195627_unified,211.69952044563513
17,1956356_unified,195627_unified,
0,1956357_unified,195628_unified,1472.581107818764
1,1956358_unified,195628_unified,2189.102470143732
2,1956359_unified,195628_unified,796.796136216733
3,1956360_unified,195628_unified,1295.4599063894707
4,1956361_unified,195628_unified,2669.0814017306025
5,1956362_unified,195628_unified,1278.6469569672827
6,1956363_unified,195628_unified,497.4555032792367
7,1956364_unified,195628_unified,1161.9720491674448
8,1956365_unified,195628_unified,948.0358525383363
9,1956366_unified,195628_unified,
0,1956367_unified,195629_unified,934.9272912835737
1,1956368_unified,195629_unified,792.714327783747
2,1956369_unified,195629_unified,984.8577667588296
3,1956370_unified,195629_unified,576.1877906140505
4,1956371_unified,195629_unified,329.4759285195607
5,1956372_unified,195629_unified,629.3560917869532
6,1956373_unified,195629_unified,747.7439364549479
7,1956374_unified,195629_unified,294.552918092178
8,1956375_unified,195629_unified,160.47751521662107
9,1956376_unified,195629_unified,592.4879792037543
10,1956377_unified,195629_unified,135.50431863236344
11,1956378_unified,195629_unified,356.28152940084357
12,1956379_unified,195629_unified,237.51084992565993
13,1956380_unified,195629_unified,969.3832150825798
14,1956381_unified,195629_unified,839.6818196573564
15,1956382_unified,195629_unified,1348.3397630291224
16,1956383_unified,195629_unified,729.8884165922213
17,1956384_unified,195629_unified,1371.944339916812
18,1956385_unified,195629_unified,
0,1956386_unified,195630_unified,62.234457003976516
1,1956387_unified,195630_unified,1322.6933460804494
2,1956388_unified,195630_unified,1735.5739512180771
3,1956389_unified,195630_unified,1045.3047280602882
4,1956390_unified,195630_unified,439.63186133850894
5,1956391_unified,195630_unified,604.2487517402296
6,1956392_unified,195630_unified,1069.5302792285834
7,1956393_unified,195630_unified,324.1092482420944
8,1956394_unified,195630_unified,1132.9417125309767
9,1956395_unified,195630_unified,556.5365731740116
10,1956396_unified,195630_unified,317.93136968690715
11,1956397_unified,195630_unified,70.11853760569093
12,1956398_unified,195630_unified,
0,1956399_unified,195631_unified,1386.2532209726048
1,1956400_unified,195631_unified,1679.3993836343914
2,1956401_unified,195631_unified,1045.3047280602882
3,1956402_unified,195631_unified,439.63186133850894
4,1956403_unified,195631_unified,605.5664944106259
5,1956404_unified,195631_unified,1067.9475224422688
6,1956405_unified,195631_unified,324.1092482420944
7,1956406_unified,195631_unified,990.5000836721701
8,1956407_unified,195631_unified,644.4667245678947
9,1956408_unified,195631_unified,427.0300056322641
10,1956409_unified,195631_unified,773.1933813768942
11,1956410_unified,195631_unified,427.4897636055003
12,1956411_unified,195631_unified,
0,1956412_unified,195632_unified,379.08451596328786
1,1956413_unified,195632_unified,533.6576443991976
2,1956414_unified,195632_unified,246.7617867277958
3,1956415_unified,195632_unified,185.2903732947849
4,1956416_unified,195632_unified,883.459767347405
5,1956417_unified,195632_unified,440.1030032063289
6,1956418_unified,195632_unified,527.5418470089969
7,1956419_unified,195632_unified,
0,1956420_unified,195633_unified,886.85940665948
1,1956421_unified,195633_unified,762.7959597847905
2,1956422_unified,195633_unified,2217.2819105476997
3,1956423_unified,195633_unified,860.7021471862678
4,1956424_unified,195633_unified,1346.829282270543
5,1956425_unified,195633_unified,660.9436587806774
6,1956426_unified,195633_unified,761.563299424031
7,1956427_unified,195633_unified,
0,1956428_unified,195634_unified,726.1566184818912
1,1956429_unified,195634_unified,1091.0616540253054
2,1956430_unified,195634_unified,727.7317056125761
3,1956431_unified,195634_unified,1368.8969883285788
4,1956432_unified,195634_unified,865.2477048645464
5,1956433_unified,195634_unified,2421.5610183869267
6,1956434_unified,195634_unified,754.1106971507196
7,1956435_unified,195634_unified,1446.2803243425697
8,1956436_unified,195634_unified,926.2361328734613
9,1956437_unified,195634_unified,1526.9168857316743
10,1956438_unified,195634_unified,1262.658622359512
11,1956439_unified,195634_unified,1043.2947112088693
12,1956440_unified,195634_unified,1067.9475224422688
13,1956441_unified,195634_unified,1456.6842280430742
14,1956442_unified,195634_unified,643.6471597493882
15,1956443_unified,195634_unified,1020.0878205245048
16,1956444_unified,195634_unified,1367.2838144493223
17,1956445_unified,195634_unified,
0,1956446_unified,195635_unified,569.8854210543959
1,1956447_unified,195635_unified,1301.748008780104
2,1956448_unified,195635_unified,1243.1461206381327
3,1956449_unified,195635_unified,1315.8113094900843
4,1956450_unified,195635_unified,1487.9919187170071
5,1956451_unified,195635_unified,697.7849920575585
6,1956452_unified,195635_unified,780.623558625644
7,1956453_unified,195635_unified,2264.326636858172
8,1956454_unified,195635_unified,541.1688952712649
9,1956455_unified,195635_unified,1017.6326019610724
10,1956456_unified,195635_unified,616.0777014132343
11,1956457_unified,195635_unified,436.60953777503914
12,1956458_unified,195635_unified,641.9398030464422
13,1956459_unified,195635_unified,
0,1956460_unified,195636_unified,445.3499776310344
1,1956461_unified,195636_unified,1507.8500847404173
2,1956462_unified,195636_unified,591.3115934027021
3,1956463_unified,195636_unified,728.0630441622743
4,1956464_unified,195636_unified,656.0076579503057
5,1956465_unified,195636_unified,1274.8904291942858
6,1956466_unified,195636_unified,966.4162928895418
7,1956467_unified,195636_unified,389.8340379304402
8,1956468_unified,195636_unified,
0,1956469_unified,195637_unified,392.12798433163323
1,1956470_unified,195637_unified,1394.8997399809632
2,1956471_unified,195637_unified,1487.137652696295
3,1956472_unified,195637_unified,789.120145022513
4,1956473_unified,195637_unified,656.0076579503057
5,1956474_unified,195637_unified,1274.8904291942858
6,1956475_unified,195637_unified,966.4162928895418
7,1956476_unified,195637_unified,486.26902783222505
8,1956477_unified,195637_unified,528.8304998646539
9,1956478_unified,195637_unified,1176.1950064378718
10,1956479_unified,195637_unified,
0,1956480_unified,195638_unified,1338.805684503742
1,1956481_unified,195638_unified,2498.350766963221
2,1956482_unified,195638_unified,513.5387110753485
3,1956483_unified,195638_unified,1034.3653937910078
4,1956484_unified,195638_unified,525.4448132762354
5,1956485_unified,195638_unified,889.296410381024
6,1956486_unified,195638_unified,356.6937049170349
7,1956487_unified,195638_unified,531.8703627976026
8,1956488_unified,195638_unified,445.1031845776118
9,1956489_unified,195638_unified,1209.1438968232299
10,1956490_unified,195638_unified,389.64690915036164
11,1956491_unified,195638_unified,636.9216457852638
12,1956492_unified,195638_unified,983.7457053342425
13,1956493_unified,195638_unified,
0,1956494_unified,195639_unified,547.9927294489645
1,1956495_unified,195639_unified,2311.4703709227842
2,1956496_unified,195639_unified,513.5387110753485
3,1956497_unified,195639_unified,1026.6105939565998
4,1956498_unified,195639_unified,1778.262956113251
5,1956499_unified,195639_unified,535.9860042505528
6,1956500_unified,195639_unified,1631.0193767825738
7,1956501_unified,195639_unified,391.9959565216669
8,1956502_unified,195639_unified,1569.7778395732046
9,1956503_unified,195639_unified,
0,1956504_unified,195640_unified,392.165223575315
1,1956505_unified,195640_unified,1394.8997399809632
2,1956506_unified,195640_unified,1251.330840065424
3,1956507_unified,195640_unified,618.0570646976798
4,1956508_unified,195640_unified,1077.6962146894066
5,1956509_unified,195640_unified,1118.756059493566
6,1956510_unified,195640_unified,486.26902783222505
7,1956511_unified,195640_unified,683.5585738265066
8,1956512_unified,195640_unified,940.2590843629971
9,1956513_unified,195640_unified,
0,1956514_unified,195641_unified,1117.458753214725
1,1956515_unified,195641_unified,489.7855402531129
2,1956516_unified,195641_unified,293.1461028208189
3,1956517_unified,195641_unified,334.14857459496125
4,1956518_unified,195641_unified,1149.3801576725557
5,1956519_unified,195641_unified,615.7879809191229
6,1956520_unified,195641_unified,939.6359854111765
7,1956521_unified,195641_unified,2067.6995336280265
8,1956522_unified,195641_unified,737.9417846086956
9,1956523_unified,195641_unified,1471.1972947630359
10,1956524_unified,195641_unified,711.9326199619704
11,1956525_unified,195641_unified,1083.0204704453772
12,1956526_unified,195641_unified,679.4126332787981
13,1956527_unified,195641_unified,475.00232628798847
14,1956528_unified,195641_unified,513.1576554159694
15,1956529_unified,195641_unified,1489.8094620558654
16,1956530_unified,195641_unified,2577.591367335793
17,1956531_unified,195641_unified,
0,1956532_unified,195642_unified,923.0637580533673
1,1956533_unified,195642_unified,1053.075768135768
2,1956534_unified,195642_unified,973.4253922615704
3,1956535_unified,195642_unified,1073.589433098257
4,1956536_unified,195642_unified,716.6590314174637
5,1956537_unified,195642_unified,708.0381973639124
6,1956538_unified,195642_unified,1034.3653937910078
7,1956539_unified,195642_unified,513.5387110753485
8,1956540_unified,195642_unified,357.8788405676297
9,1956541_unified,195642_unified,586.7739689549793
10,1956542_unified,195642_unified,917.1360143975364
11,1956543_unified,195642_unified,556.2552241319379
12,1956544_unified,195642_unified,979.4603929549982
13,1956545_unified,195642_unified,1092.402861936732
14,1956546_unified,195642_unified,2.37882942154407
15,1956547_unified,195642_unified,
0,1956548_unified,195643_unified,923.0637580533673
1,1956549_unified,195643_unified,1053.075768135768
2,1956550_unified,195643_unified,973.4253922615704
3,1956551_unified,195643_unified,1073.589433098257
4,1956552_unified,195643_unified,716.6590314174637
5,1956553_unified,195643_unified,708.0381973639124
6,1956554_unified,195643_unified,1034.3653937910078
7,1956555_unified,195643_unified,513.5387110753485
8,1956556_unified,195643_unified,357.8788405676297
9,1956557_unified,195643_unified,586.7739689549793
10,1956558_unified,195643_unified,917.1360143975364
11,1956559_unified,195643_unified,556.2552241319379
12,1956560_unified,195643_unified,979.4603929549982
13,1956561_unified,195643_unified,1094.2678796090518
14,1956562_unified,195643_unified,693.9706708892763
15,1956563_unified,195643_unified,
0,1956564_unified,195644_unified,427.4897636055003
1,1956565_unified,195644_unified,683.5585738265066
2,1956566_unified,195644_unified,1963.2644739400487
3,1956567_unified,195644_unified,1042.6692482536062
4,1956568_unified,195644_unified,1337.7339649263197
5,1956569_unified,195644_unified,420.12005813722027
6,1956570_unified,195644_unified,2410.2038766647747
7,1956571_unified,195644_unified,2205.7272325652298
8,1956572_unified,195644_unified,561.1961716105601
9,1956573_unified,195644_unified,1425.44073720119
10,1956574_unified,195644_unified,1750.3085356721908
11,1956575_unified,195644_unified,325.59634669005663
12,1956576_unified,195644_unified,2117.8234147951352
13,1956577_unified,195644_unified,957.4346654643697
14,1956578_unified,195644_unified,336.58587750250285
15,1956579_unified,195644_unified,
0,1956580_unified,195645_unified,2671.9193702226803
1,1956581_unified,195645_unified,704.7462593711625
2,1956582_unified,195645_unified,622.7603699284047
3,1956583_unified,195645_unified,957.4346654643697
4,1956584_unified,195645_unified,1232.5768843655694
5,1956585_unified,195645_unified,1062.6509506947377
6,1956586_unified,195645_unified,1364.7552246089147
7,1956587_unified,195645_unified,1509.5010183287152
8,1956588_unified,195645_unified,1522.0506776275965
9,1956589_unified,195645_unified,
0,1956590_unified,195646_unified,2400.750576682708
1,1956591_unified,195646_unified,839.667709118703
2,1956592_unified,195646_unified,1051.399030170936
3,1956593_unified,195646_unified,543.5971783138132
4,1956594_unified,195646_unified,1329.9700941511865
5,1956595_unified,195646_unified,433.7805982528991
6,1956596_unified,195646_unified,569.6170246799244
7,1956597_unified,195646_unified,622.7603699284047
8,1956598_unified,195646_unified,620.3755067285781
9,1956599_unified,195646_unified,1652.0931287634999
10,1956600_unified,195646_unified,1748.4076426533675
11,1956601_unified,195646_unified,1048.3234595300657
12,1956602_unified,195646_unified,1566.1698792511902
13,1956603_unified,195646_unified,
0,1956604_unified,195647_unified,1633.5664506284559
1,1956605_unified,195647_unified,1733.921123234455
2,1956606_unified,195647_unified,2742.869156041018
3,1956607_unified,195647_unified,936.2799539643493
4,1956608_unified,195647_unified,1497.3067715901498
5,1956609_unified,195647_unified,1306.3400579432941
6,1956610_unified,195647_unified,699.2514400319201
7,1956611_unified,195647_unified,569.6170246799244
8,1956612_unified,195647_unified,622.7603699284047
9,1956613_unified,195647_unified,957.4346654643697
10,1956614_unified,195647_unified,1232.5768843655694
11,1956615_unified,195647_unified,1062.6509506947377
12,1956616_unified,195647_unified,
0,1956617_unified,195648_unified,1738.5606159482963
1,1956618_unified,195648_unified,2552.2991150750436
2,1956619_unified,195648_unified,1048.3234595300657
3,1956620_unified,195648_unified,1687.0076224852603
4,1956621_unified,195648_unified,1652.0931287634999
5,1956622_unified,195648_unified,620.3755067285781
6,1956623_unified,195648_unified,2117.8234147951352
7,1956624_unified,195648_unified,280.9033665621955
8,1956625_unified,195648_unified,1795.6686071196941
9,1956626_unified,195648_unified,674.3097732302685
10,1956627_unified,195648_unified,1894.3500178202705
11,1956628_unified,195648_unified,1840.589581745069
12,1956629_unified,195648_unified,1544.765411171033
13,1956630_unified,195648_unified,1507.9219969247508
14,1956631_unified,195648_unified,
0,1956632_unified,195649_unified,1494.4692674234464
1,1956633_unified,195649_unified,656.5677446235136
2,1956634_unified,195649_unified,1244.2185684044987
3,1956635_unified,195649_unified,531.8703627976026
4,1956636_unified,195649_unified,445.1031845776118
5,1956637_unified,195649_unified,1209.1438968232299
6,1956638_unified,195649_unified,391.7057886686729
7,1956639_unified,195649_unified,635.7386491943988
8,1956640_unified,195649_unified,1135.2288836200191
9,1956641_unified,195649_unified,603.4129068868174
10,1956642_unified,195649_unified,524.8776210801345
11,1956643_unified,195649_unified,924.3538788417852
12,1956644_unified,195649_unified,1249.9984873188691
13,1956645_unified,195649_unified,243.9628514585239
14,1956646_unified,195649_unified,457.4256066995463
15,1956647_unified,195649_unified,
0,1956648_unified,195650_unified,274.65375102314005
1,1956649_unified,195650_unified,543.9333802365636
2,1956650_unified,195650_unified,1845.2496329019093
3,1956651_unified,195650_unified,1940.71349627654
4,1956652_unified,195650_unified,1059.6297657877583
5,1956653_unified,195650_unified,726.1566184818912
6,1956654_unified,195650_unified,
0,1956655_unified,195651_unified,761.3738624842655
1,1956656_unified,195651_unified,1621.760094333566
2,1956657_unified,195651_unified,1844.2619637625264
3,1956658_unified,195651_unified,1940.71349627654
4,1956659_unified,195651_unified,639.1758365793453
5,1956660_unified,195651_unified,945.956441929061
6,1956661_unified,195651_unified,
0,1956662_unified,195652_unified,491.89936993817287
1,1956663_unified,195652_unified,758.2994287913488
2,1956664_unified,195652_unified,642.6682116212744
3,1956665_unified,195652_unified,1199.9165872515941
4,1956666_unified,195652_unified,1334.6707751977892
5,1956667_unified,195652_unified,750.515009559988
6,1956668_unified,195652_unified,551.9143886020313
7,1956669_unified,195652_unified,
0,1956670_unified,195653_unified,1214.3469386770225
1,1956671_unified,195653_unified,676.7012497579001
2,1956672_unified,195653_unified,641.4182172649677
3,1956673_unified,195653_unified,893.1802217593913
4,1956674_unified,195653_unified,916.1330288551192
5,1956675_unified,195653_unified,523.9839766439362
6,1956676_unified,195653_unified,436.5871427899348
7,1956677_unified,195653_unified,621.4923048242797
8,1956678_unified,195653_unified,314.6456105469472
9,1956679_unified,195653_unified,1320.7740946068468
10,1956680_unified,195653_unified,1199.9165872515941
11,1956681_unified,195653_unified,759.3077383794463
12,1956682_unified,195653_unified,575.3865913366819
13,1956683_unified,195653_unified,1300.1476159295562
14,1956684_unified,195653_unified,677.6294838327601
15,1956685_unified,195653_unified,
0,1956686_unified,195654_unified,1660.8133229403659
1,1956687_unified,195654_unified,3622.154728845954
2,1956688_unified,195654_unified,758.5988382186855
3,1956689_unified,195654_unified,2066.403491915291
4,1956690_unified,195654_unified,2117.8234147951352
5,1956691_unified,195654_unified,623.015193904056
6,1956692_unified,195654_unified,1391.5372922271722
7,1956693_unified,195654_unified,
0,1956694_unified,195655_unified,5.290728911042749
1,1956695_unified,195655_unified,730.7018494518978
2,1956696_unified,195655_unified,737.7336497353494
3,1956697_unified,195655_unified,1339.2686901883997
4,1956698_unified,195655_unified,1598.7227496023988
5,1956699_unified,195655_unified,1423.355755671785
6,1956700_unified,195655_unified,868.6317708286354
7,1956701_unified,195655_unified,1182.0023940471115
8,1956702_unified,195655_unified,759.0419164032633
9,1956703_unified,195655_unified,
0,1956704_unified,195656_unified,1008.5328282653755
1,1956705_unified,195656_unified,1020.564932988338
2,1956706_unified,195656_unified,791.2939235706467
3,1956707_unified,195656_unified,1131.3490226996578
4,1956708_unified,195656_unified,421.94191280369563
5,1956709_unified,195656_unified,2308.7675514721577
6,1956710_unified,195656_unified,
0,1956711_unified,195657_unified,595.6746905126637
1,1956712_unified,195657_unified,916.0135374747091
2,1956713_unified,195657_unified,729.3800599497984
3,1956714_unified,195657_unified,1368.6590618725393
4,1956715_unified,195657_unified,21.946669270765604
5,1956716_unified,195657_unified,748.9763183102506
6,1956717_unified,195657_unified,397.8902587087971
7,1956718_unified,195657_unified,1143.006030295358
8,1956719_unified,195657_unified,255.56925982772879
9,1956720_unified,195657_unified,351.556084800196
10,1956721_unified,195657_unified,1768.1552216998964
11,1956722_unified,195657_unified,840.3003040285139
12,1956723_unified,195657_unified,
0,1956724_unified,195658_unified,700.8217310687947
1,1956725_unified,195658_unified,595.6746905126637
2,1956726_unified,195658_unified,916.0135374747091
3,1956727_unified,195658_unified,1554.8926385463694
4,1956728_unified,195658_unified,521.2472990987267
5,1956729_unified,195658_unified,748.9763183102506
6,1956730_unified,195658_unified,397.8902587087971
7,1956731_unified,195658_unified,1143.006030295358
8,1956732_unified,195658_unified,608.5685515482064
9,1956733_unified,195658_unified,1173.8143764049298
10,1956734_unified,195658_unified,1813.7791448699286
11,1956735_unified,195658_unified,2485.9565698701067
12,1956736_unified,195658_unified,918.4004424392982
13,1956737_unified,195658_unified,
0,1956738_unified,195659_unified,1092.283357673345
1,1956739_unified,195659_unified,856.3845370933166
2,1956740_unified,195659_unified,1026.982445251319
3,1956741_unified,195659_unified,483.2001351998224
4,1956742_unified,195659_unified,777.3583432341615
5,1956743_unified,195659_unified,587.4700711087308
6,1956744_unified,195659_unified,514.400577435381
7,1956745_unified,195659_unified,368.34291510300375
8,1956746_unified,195659_unified,516.393185138195
9,1956747_unified,195659_unified,499.9879697957396
10,1956748_unified,195659_unified,321.5805097279887
11,1956749_unified,195659_unified,518.8270067849377
12,1956750_unified,195659_unified,1109.7846935202608
13,1956751_unified,195659_unified,753.3990472024927
14,1956752_unified,195659_unified,668.4780748681559
15,1956753_unified,195659_unified,794.311768641494
16,1956754_unified,195659_unified,805.6136044449095
17,1956755_unified,195659_unified,993.7798278353025
18,1956756_unified,195659_unified,788.131402746021
19,1956757_unified,195659_unified,946.335395899034
20,1956758_unified,195659_unified,981.6853184801396
21,1956759_unified,195659_unified,618.5432223259936
22,1956760_unified,195659_unified,1034.562631898039
23,1956761_unified,195659_unified,772.9900811563273
24,1956762_unified,195659_unified,1092.6457663490644
25,1956763_unified,195659_unified,
0,1956764_unified,195660_unified,812.4226658669074
1,1956765_unified,195660_unified,1015.506653879831
2,1956766_unified,195660_unified,583.8455792949741
3,1956767_unified,195660_unified,588.3725468738014
4,1956768_unified,195660_unified,822.438192664682
5,1956769_unified,195660_unified,552.1422698797032
6,1956770_unified,195660_unified,2038.2536698638594
7,1956771_unified,195660_unified,818.29001820733
8,1956772_unified,195660_unified,1164.975731281392
9,1956773_unified,195660_unified,723.3529140829606
10,1956774_unified,195660_unified,883.637199694461
11,1956775_unified,195660_unified,817.9560210664031
12,1956776_unified,195660_unified,955.8500643770882
13,1956777_unified,195660_unified,811.1232909327674
14,1956778_unified,195660_unified,850.6476095935137
15,1956779_unified,195660_unified,1108.690626711819
16,1956780_unified,195660_unified,1116.7801176978173
17,1956781_unified,195660_unified,
0,1956782_unified,195661_unified,677.8621137892567
1,1956783_unified,195661_unified,
0,1956784_unified,195662_unified,960.7974182699917
1,1956785_unified,195662_unified,1229.0456663625205
2,1956786_unified,195662_unified,1287.6364960904
3,1956787_unified,195662_unified,1135.6683704399718
4,1956788_unified,195662_unified,1355.8180204808107
5,1956789_unified,195662_unified,1475.5049441933222
6,1956790_unified,195662_unified,1040.39210388234
7,1956791_unified,195662_unified,2420.3244913853573
8,1956792_unified,195662_unified,1819.4127672381328
9,1956793_unified,195662_unified,434.2898246674497
10,1956794_unified,195662_unified,2529.9367229575196
11,1956795_unified,195662_unified,2548.5512192691276
12,1956796_unified,195662_unified,
0,1956797_unified,195663_unified,738.2222477628229
1,1956798_unified,195663_unified,1293.473042611986
2,1956799_unified,195663_unified,232.41334036804707
3,1956800_unified,195663_unified,2538.1602533765063
4,1956801_unified,195663_unified,936.2210172846105
5,1956802_unified,195663_unified,397.68533666722385
6,1956803_unified,195663_unified,834.2056109572267
7,1956804_unified,195663_unified,989.4139497992235
8,1956805_unified,195663_unified,467.03936669381477
9,1956806_unified,195663_unified,1916.1706700304078
10,1956807_unified,195663_unified,1063.914789022502
11,1956808_unified,195663_unified,1382.7479855046022
12,1956809_unified,195663_unified,948.1048451808963
13,1956810_unified,195663_unified,584.068585694178
14,1956811_unified,195663_unified,468.96661237224777
15,1956812_unified,195663_unified,1022.7751656657376
16,1956813_unified,195663_unified,668.8117274394195
17,1956814_unified,195663_unified,434.6609530992483
18,1956815_unified,195663_unified,934.0491244631004
19,1956816_unified,195663_unified,1814.5319022653991
20,1956817_unified,195663_unified,
0,1956818_unified,195664_unified,80.43456801167994
1,1956819_unified,195664_unified,460.57210129585394
2,1956820_unified,195664_unified,592.7229424489066
3,1956821_unified,195664_unified,638.4873065721035
4,1956822_unified,195664_unified,233.4469426054361
5,1956823_unified,195664_unified,557.9226216908728
6,1956824_unified,195664_unified,1297.060596445676
7,1956825_unified,195664_unified,387.7213895756304
8,1956826_unified,195664_unified,289.012258559219
9,1956827_unified,195664_unified,303.9622579793566
10,1956828_unified,195664_unified,333.6681866831188
11,1956829_unified,195664_unified,608.5049029654011
12,1956830_unified,195664_unified,1067.58897501319
13,1956831_unified,195664_unified,
0,1956832_unified,195665_unified,1915.6869050574471
1,1956833_unified,195665_unified,950.2150907826585
2,1956834_unified,195665_unified,1789.3039006913266
3,1956835_unified,195665_unified,577.3753533216806
4,1956836_unified,195665_unified,1138.9928046520577
5,1956837_unified,195665_unified,642.0794857786315
6,1956838_unified,195665_unified,1852.9094977887855
7,1956839_unified,195665_unified,1783.2015867572998
8,1956840_unified,195665_unified,2523.571737259578
9,1956841_unified,195665_unified,
0,1956842_unified,195666_unified,1915.6869050574471
1,1956843_unified,195666_unified,950.2150907826585
2,1956844_unified,195666_unified,1789.3039006913266
3,1956845_unified,195666_unified,577.3753533216806
4,1956846_unified,195666_unified,1138.9928046520577
5,1956847_unified,195666_unified,642.0794857786315
6,1956848_unified,195666_unified,1852.9094977887855
7,1956849_unified,195666_unified,1783.2015867572998
8,1956850_unified,195666_unified,
0,1956851_unified,195667_unified,796.1820510074282
1,1956852_unified,195667_unified,783.204685284307
2,1956853_unified,195667_unified,715.2097458366226
3,1956854_unified,195667_unified,1517.5397448660956
4,1956855_unified,195667_unified,2266.365011304668
5,1956856_unified,195667_unified,1135.5972917555491
6,1956857_unified,195667_unified,516.8032405227119
7,1956858_unified,195667_unified,1534.7782181288587
8,1956859_unified,195667_unified,1665.9118991494204
9,1956860_unified,195667_unified,924.1013688314557
10,1956861_unified,195667_unified,1077.8509192677864
11,1956862_unified,195667_unified,1657.9566330804585
12,1956863_unified,195667_unified,436.01541995624217
13,1956864_unified,195667_unified,
0,1956865_unified,195668_unified,224.39174610738854
1,1956866_unified,195668_unified,899.9467179393799
2,1956867_unified,195668_unified,773.8608233477014
3,1956868_unified,195668_unified,1428.50359770269
4,1956869_unified,195668_unified,785.5320331570347
5,1956870_unified,195668_unified,857.850764961915
6,1956871_unified,195668_unified,968.8763092471402
7,1956872_unified,195668_unified,638.0893988766279
8,1956873_unified,195668_unified,600.2525836283622
9,1956874_unified,195668_unified,1995.1320426024304
10,1956875_unified,195668_unified,599.0294656005659
11,1956876_unified,195668_unified,1046.3779368281182
12,1956877_unified,195668_unified,2642.537016568196
13,1956878_unified,195668_unified,535.4787692854252
14,1956879_unified,195668_unified,1133.680609512992
15,1956880_unified,195668_unified,1097.4714926677163
16,1956881_unified,195668_unified,
0,1956882_unified,195669_unified,729.7896518851338
1,1956883_unified,195669_unified,1741.8379163981565
2,1956884_unified,195669_unified,1432.151828091306
3,1956885_unified,195669_unified,1095.3857146683067
4,1956886_unified,195669_unified,933.746798521035
5,1956887_unified,195669_unified,3134.50680344144
6,1956888_unified,195669_unified,984.9761420081492
7,1956889_unified,195669_unified,1026.915192902921
8,1956890_unified,195669_unified,708.0894202769089
9,1956891_unified,195669_unified,
0,1956892_unified,195670_unified,718.8376540695168
1,1956893_unified,195670_unified,576.1460774047376
2,1956894_unified,195670_unified,764.3842035658106
3,1956895_unified,195670_unified,1101.6743034965434
4,1956896_unified,195670_unified,933.6400346913508
5,1956897_unified,195670_unified,653.9367124136559
6,1956898_unified,195670_unified,1061.725693568051
7,1956899_unified,195670_unified,595.9246655391009
8,1956900_unified,195670_unified,623.4680665061121
9,1956901_unified,195670_unified,897.1732253018035
10,1956902_unified,195670_unified,432.6426226183942
11,1956903_unified,195670_unified,736.9080088123787
12,1956904_unified,195670_unified,483.65718855466855
13,1956905_unified,195670_unified,562.5010883863985
14,1956906_unified,195670_unified,991.0524986044311
15,1956907_unified,195670_unified,841.5906095542897
16,1956908_unified,195670_unified,271.65937325385124
17,1956909_unified,195670_unified,
0,1956910_unified,195671_unified,544.2562350948417
1,1956911_unified,195671_unified,1402.3435877474992
2,1956912_unified,195671_unified,2235.7237679480318
3,1956913_unified,195671_unified,1246.1135996141122
4,1956914_unified,195671_unified,526.3920630391478
5,1956915_unified,195671_unified,1041.3789294986045
6,1956916_unified,195671_unified,1284.820652431712
7,1956917_unified,195671_unified,755.8547964202738
8,1956918_unified,195671_unified,1145.475211146904
9,1956919_unified,195671_unified,982.572247849485
10,1956920_unified,195671_unified,1608.9726318302694
11,1956921_unified,195671_unified,
0,1956922_unified,195672_unified,80.43456801167994
1,1956923_unified,195672_unified,511.13729443720416
2,1956924_unified,195672_unified,1308.6159318795706
3,1956925_unified,195672_unified,2534.4826415917023
4,1956926_unified,195672_unified,1640.5839130336847
5,1956927_unified,195672_unified,1588.152863188246
6,1956928_unified,195672_unified,2064.6528842387843
7,1956929_unified,195672_unified,834.4330958189648
8,1956930_unified,195672_unified,1431.7604706268642
9,1956931_unified,195672_unified,
0,1956932_unified,195673_unified,1214.129843314809
1,1956933_unified,195673_unified,2194.071992451271
2,1956934_unified,195673_unified,2927.2147637399476
3,1956935_unified,195673_unified,1689.6307081580926
4,1956936_unified,195673_unified,404.68241569619676
5,1956937_unified,195673_unified,853.8754765915619
6,1956938_unified,195673_unified,731.6263989657344
7,1956939_unified,195673_unified,554.1260576805399
8,1956940_unified,195673_unified,743.2664545801734
9,1956941_unified,195673_unified,634.4569391232209
10,1956942_unified,195673_unified,746.5662331396784
11,1956943_unified,195673_unified,510.2388786992178
12,1956944_unified,195673_unified,747.8200264606825
13,1956945_unified,195673_unified,883.3139515285885
14,1956946_unified,195673_unified,747.1502345598776
15,1956947_unified,195673_unified,
0,1956948_unified,195674_unified,1010.9054335872928
1,1956949_unified,195674_unified,2100.852005867251
2,1956950_unified,195674_unified,973.1662415627861
3,1956951_unified,195674_unified,1522.51836428907
4,1956952_unified,195674_unified,711.6569816316152
5,1956953_unified,195674_unified,1492.5895182670536
6,1956954_unified,195674_unified,753.8399524419707
7,1956955_unified,195674_unified,1012.2420677931289
8,1956956_unified,195674_unified,1921.7089489235955
9,1956957_unified,195674_unified,
0,1956958_unified,195675_unified,475.33804550473775
1,1956959_unified,195675_unified,1031.532147346902
2,1956960_unified,195675_unified,631.198244697214
3,1956961_unified,195675_unified,1484.5072890420954
4,1956962_unified,195675_unified,252.59001890204215
5,1956963_unified,195675_unified,1491.6702207693854
6,1956964_unified,195675_unified,887.3229878736155
7,1956965_unified,195675_unified,
0,1956966_unified,195676_unified,1628.0878356509972
1,1956967_unified,195676_unified,601.5684917013583
2,1956968_unified,195676_unified,1741.8379163981565
3,1956969_unified,195676_unified,1096.1461807299895
4,1956970_unified,195676_unified,1135.3788888261176
5,1956971_unified,195676_unified,2477.5975585008186
6,1956972_unified,195676_unified,2009.4809021612402
7,1956973_unified,195676_unified,1144.0092426504625
8,1956974_unified,195676_unified,1630.0734248308218
9,1956975_unified,195676_unified,512.350188947675
10,1956976_unified,195676_unified,864.8358670823467
11,1956977_unified,195676_unified,1124.5445007130827
12,1956978_unified,195676_unified,891.0671931203198
13,1956979_unified,195676_unified,
0,1956980_unified,195677_unified,1456.9343453521783
1,1956981_unified,195677_unified,1264.808129656245
2,1956982_unified,195677_unified,1411.4007838680627
3,1956983_unified,195677_unified,1126.4487040305767
4,1956984_unified,195677_unified,757.437067939398
5,1956985_unified,195677_unified,
0,1956986_unified,195678_unified,1268.9587630127332
1,1956987_unified,195678_unified,535.3119752695648
2,1956988_unified,195678_unified,1033.9286306322956
3,1956986_unified,195678_unified,
0,1956989_unified,195679_unified,842.1788366519794
1,1956990_unified,195679_unified,853.4344815240628
2,1956991_unified,195679_unified,829.3093602571876
3,1956992_unified,195679_unified,361.3968917432675
4,1956993_unified,195679_unified,1119.426055090216
5,1956994_unified,195679_unified,437.8072713227123
6,1956995_unified,195679_unified,1061.725693568051
7,1956996_unified,195679_unified,963.8914598120914
8,1956997_unified,195679_unified,1111.6092317717967
9,1956998_unified,195679_unified,982.4291977955916
10,1956999_unified,195679_unified,815.7591238936172
11,19561000_unified,195679_unified,817.6977063242743
12,19561001_unified,195679_unified,859.58742902736
13,19561002_unified,195679_unified,
0,19561003_unified,195680_unified,856.570554029771
1,19561004_unified,195680_unified,405.47079437115684
2,19561005_unified,195680_unified,1062.228130574358
3,19561006_unified,195680_unified,1505.5130039466912
4,19561007_unified,195680_unified,907.7383376809627
5,19561008_unified,195680_unified,276.6602798114175
6,19561009_unified,195680_unified,1831.327855137082
7,19561010_unified,195680_unified,129.72009307905785
8,19561011_unified,195680_unified,511.94140965871685
9,19561012_unified,195680_unified,493.97858307132685
10,19561013_unified,195680_unified,656.6352815407919
11,19561014_unified,195680_unified,382.4992503146968
12,19561015_unified,195680_unified,474.8905384784753
13,19561016_unified,195680_unified,390.39379037130743
14,19561017_unified,195680_unified,982.8016505236085
15,19561018_unified,195680_unified,774.5138149352485
16,19561019_unified,195680_unified,1160.6938572248569
17,19561020_unified,195680_unified,500.8371474028001
18,19561021_unified,195680_unified,2364.7050909155973
19,19561022_unified,195680_unified,1353.1920741333067
20,19561023_unified,195680_unified,453.7010525706932
21,19561024_unified,195680_unified,998.1976709173086
22,19561025_unified,195680_unified,533.0838604486233
23,19561026_unified,195680_unified,
0,19561027_unified,195681_unified,779.5256328653312
1,19561028_unified,195681_unified,2028.481795187398
2,19561029_unified,195681_unified,2738.634731516962
3,19561030_unified,195681_unified,560.8371498842696
4,19561031_unified,195681_unified,1006.3635057259428
5,19561032_unified,195681_unified,1938.8681834323593
6,19561033_unified,195681_unified,1780.0541185850618
7,19561034_unified,195681_unified,4110.667073344647
8,19561035_unified,195681_unified,
0,19561036_unified,195682_unified,609.4439339609795
1,19561037_unified,195682_unified,292.6438164298393
2,19561038_unified,195682_unified,811.6346190887775
3,19561039_unified,195682_unified,296.1596236091527
4,19561040_unified,195682_unified,613.5973324633084
5,19561041_unified,195682_unified,567.4115856846995
6,19561042_unified,195682_unified,546.5018710811066
7,19561043_unified,195682_unified,794.5338303803203
8,19561044_unified,195682_unified,1181.0258189585527
9,19561045_unified,195682_unified,849.7565723608104
10,19561046_unified,195682_unified,584.9109470870783
11,19561047_unified,195682_unified,
0,19561048_unified,195683_unified,1092.3200055797035
1,19561049_unified,195683_unified,721.4284885112604
2,19561050_unified,195683_unified,617.5883019399975
3,19561051_unified,195683_unified,467.03936669381477
4,19561052_unified,195683_unified,771.1024509830431
5,19561053_unified,195683_unified,1257.8575353822719
6,19561054_unified,195683_unified,731.6263989657344
7,19561055_unified,195683_unified,554.1260576805399
8,19561056_unified,195683_unified,838.6133514380965
9,19561057_unified,195683_unified,845.2860538264381
10,19561058_unified,195683_unified,1111.6092317717967
11,19561059_unified,195683_unified,
0,19561060_unified,195684_unified,2031.6872725746368
1,19561061_unified,195684_unified,1291.5745304513582
2,19561062_unified,195684_unified,1066.6204098731853
3,19561063_unified,195684_unified,836.0720384230408
4,19561064_unified,195684_unified,1030.4714497479954
5,19561065_unified,195684_unified,2142.5621401680783
6,19561066_unified,195684_unified,1700.6470375105584
7,19561067_unified,195684_unified,2007.9263103687742
8,19561068_unified,195684_unified,829.5217932530119
9,19561069_unified,195684_unified,
0,19561070_unified,195685_unified,80.43456801167994
1,19561071_unified,195685_unified,507.3779726652679
2,19561072_unified,195685_unified,1312.651567339856
3,19561073_unified,195685_unified,433.3338107967567
4,19561074_unified,195685_unified,955.0382231680567
5,19561075_unified,195685_unified,941.2420403952414
6,19561076_unified,195685_unified,
0,19561077_unified,195686_unified,462.04029257294144
1,19561078_unified,195686_unified,732.0031829036652
2,19561079_unified,195686_unified,775.3446779929384
3,19561080_unified,195686_unified,1962.5482776141848
4,19561081_unified,195686_unified,222.31650267806265
5,19561082_unified,195686_unified,363.19469111330574
6,19561083_unified,195686_unified,369.58381509912255
7,19561084_unified,195686_unified,
0,19561085_unified,195687_unified,1382.665029485857
1,19561086_unified,195687_unified,1284.820652431712
2,19561087_unified,195687_unified,1741.5331025146274
3,19561088_unified,195687_unified,1673.587977053117
4,19561089_unified,195687_unified,1076.318284830287
5,19561090_unified,195687_unified,1371.0513287845213
6,19561091_unified,195687_unified,
0,19561092_unified,195688_unified,1256.7906094229752
1,19561093_unified,195688_unified,1161.0559892246977
2,19561094_unified,195688_unified,506.3235140755674
3,19561095_unified,195688_unified,829.3760833381037
4,19561096_unified,195688_unified,925.1255392940905
5,19561097_unified,195688_unified,
0,19561098_unified,195689_unified,2157.0962531854075
1,19561099_unified,195689_unified,927.7865812588765
2,19561100_unified,195689_unified,2423.653694227414
3,19561101_unified,195689_unified,3071.8957695577615
4,19561102_unified,195689_unified,909.747539693202
5,19561103_unified,195689_unified,3876.0312178361087
6,19561104_unified,195689_unified,2463.1909589220672
7,19561105_unified,195689_unified,866.2483112261403
8,19561106_unified,195689_unified,3020.2435225116024
9,19561107_unified,195689_unified,
0,19561108_unified,195690_unified,1338.960617353577
1,19561109_unified,195690_unified,2423.653694227414
2,19561110_unified,195690_unified,1194.410943010504
3,19561111_unified,195690_unified,2489.4967517177865
4,19561112_unified,195690_unified,909.747539693202
5,19561113_unified,195690_unified,1676.3925540970965
6,19561114_unified,195690_unified,1042.2779708403075
7,19561115_unified,195690_unified,981.710057870338
8,19561116_unified,195690_unified,1447.0052801538684
9,19561117_unified,195690_unified,
0,19561118_unified,195691_unified,1995.4009455721791
1,19561119_unified,195691_unified,1180.1424252316715
2,19561120_unified,195691_unified,1353.3027035050886
3,19561121_unified,195691_unified,5694.818161886559
4,19561122_unified,195691_unified,
0,19561123_unified,195692_unified,1326.0055304399418
1,19561124_unified,195692_unified,2489.6877988119063
2,19561125_unified,195692_unified,1808.4570045023472
3,19561126_unified,195692_unified,550.5832912705085
4,19561127_unified,195692_unified,934.7207334421319
5,19561128_unified,195692_unified,
0,19561129_unified,195693_unified,2898.841209225729
1,19561130_unified,195693_unified,335.9290169227096
2,19561131_unified,195693_unified,897.0542646847724
3,19561132_unified,195693_unified,1906.8154406579188
4,19561133_unified,195693_unified,
0,19561134_unified,195694_unified,942.503258297076
1,19561135_unified,195694_unified,1524.2145498622497
2,19561136_unified,195694_unified,1737.3132385819897
3,19561137_unified,195694_unified,
0,19561138_unified,195695_unified,1516.5131727522921
1,19561139_unified,195695_unified,607.5050097780704
2,19561140_unified,195695_unified,1327.575851683186
3,19561141_unified,195695_unified,349.48268041093223
4,19561142_unified,195695_unified,826.676299432074
5,19561143_unified,195695_unified,995.0446171003179
6,19561144_unified,195695_unified,1237.4142085319572
7,19561145_unified,195695_unified,951.6765167967748
8,19561146_unified,195695_unified,736.9080088123787
9,19561147_unified,195695_unified,464.56553112737026
10,19561148_unified,195695_unified,747.1888449726576
11,19561149_unified,195695_unified,1358.6452091134256
12,19561150_unified,195695_unified,639.0395190036878
13,19561151_unified,195695_unified,576.1704866591813
14,19561152_unified,195695_unified,2127.9986379651473
15,19561153_unified,195695_unified,630.458501549899
16,19561154_unified,195695_unified,476.84552459313284
17,19561155_unified,195695_unified,
0,19561156_unified,195696_unified,1044.6972268191164
1,19561157_unified,195696_unified,1036.1626124660395
2,19561158_unified,195696_unified,1392.84928017462
3,19561159_unified,195696_unified,1715.7851820328967
4,19561160_unified,195696_unified,914.892040604826
5,19561161_unified,195696_unified,
0,19561162_unified,195697_unified,1430.0077794713493
1,19561163_unified,195697_unified,2567.977733215757
2,19561164_unified,195697_unified,1516.9426650757741
3,19561165_unified,195697_unified,1537.8556971686526
4,19561166_unified,195697_unified,2709.689886627711
5,19561167_unified,195697_unified,1143.4177095891855
6,19561168_unified,195697_unified,2035.5683802639082
7,19561169_unified,195697_unified,
0,19561170_unified,195698_unified,824.5137507471106
1,19561171_unified,195698_unified,1828.997073203608
2,19561172_unified,195698_unified,1519.8062544911572
3,19561173_unified,195698_unified,1083.8252947626415
4,19561174_unified,195698_unified,
0,19561175_unified,195699_unified,2186.845750053957
1,19561176_unified,195699_unified,680.4198117962368
2,19561177_unified,195699_unified,1519.723270427222
3,19561178_unified,195699_unified,
0,19561179_unified,1956100_unified,678.3049087093207
1,19561180_unified,1956100_unified,1519.723270427222
2,19561181_unified,1956100_unified,
0,19561182_unified,1956101_unified,576.005148462204
1,19561183_unified,1956101_unified,1595.9913862561539
2,19561184_unified,1956101_unified,784.1104771547342
3,19561185_unified,1956101_unified,1387.9902221881673
4,19561186_unified,1956101_unified,832.8579922934526
5,19561187_unified,1956101_unified,1301.1790353830984
6,19561188_unified,1956101_unified,1386.9503950651927
7,19561189_unified,1956101_unified,1304.045305438572
8,19561190_unified,1956101_unified,796.4390558821689
9,19561191_unified,1956101_unified,
0,19561192_unified,1956102_unified,816.2977430244068
1,19561193_unified,1956102_unified,1167.963581244624
2,19561194_unified,1956102_unified,1952.9734992198394
3,19561195_unified,1956102_unified,1570.703761806799
4,19561196_unified,1956102_unified,2330.6922057726465
5,19561197_unified,1956102_unified,1007.3769845311821
6,19561198_unified,1956102_unified,2028.5065558375445
7,19561199_unified,1956102_unified,
0,19561200_unified,1956103_unified,834.664220765656
1,19561201_unified,1956103_unified,2339.5274752851865
2,19561202_unified,1956103_unified,961.306559470566
3,19561203_unified,1956103_unified,
0,19561204_unified,1956104_unified,312.67605881384526
1,19561205_unified,1956104_unified,825.5013133292472
2,19561206_unified,1956104_unified,858.3333350509539
3,19561207_unified,1956104_unified,857.4280747190876
4,19561208_unified,1956104_unified,801.9266422027057
5,19561209_unified,1956104_unified,912.3813553625762
6,19561210_unified,1956104_unified,508.6121874412064
7,19561211_unified,1956104_unified,1028.6601195619712
8,19561212_unified,1956104_unified,539.2157834390168
9,19561213_unified,1956104_unified,1314.8615632330634
10,19561214_unified,1956104_unified,464.56553112737026
11,19561215_unified,1956104_unified,747.1888449726576
12,19561216_unified,1956104_unified,1327.171948804721
13,19561217_unified,1956104_unified,633.1280847102424
14,19561218_unified,1956104_unified,315.5066502250227
15,19561219_unified,1956104_unified,
0,19561220_unified,1956105_unified,1681.3902786372207
1,19561221_unified,1956105_unified,583.0989039043525
2,19561222_unified,1956105_unified,366.6821330537216
3,19561223_unified,1956105_unified,1406.7556967938335
4,19561224_unified,1956105_unified,
0,19561225_unified,1956106_unified,264.2592594890547
1,19561226_unified,1956106_unified,1722.7238606328858
2,19561227_unified,1956106_unified,1440.376322067307
3,19561228_unified,1956106_unified,422.8287940892199
4,19561229_unified,1956106_unified,72.89405100900974
5,19561230_unified,1956106_unified,1080.984363340997
6,19561231_unified,1956106_unified,1028.2940338958538
7,19561232_unified,1956106_unified,1367.9231020135478
8,19561233_unified,1956106_unified,1301.6802700579037
9,19561234_unified,1956106_unified,
0,19561235_unified,1956107_unified,582.8631521962365
1,19561236_unified,1956107_unified,468.6575101687558
2,19561237_unified,1956107_unified,442.32277127512884
3,19561238_unified,1956107_unified,791.049144611648
4,19561239_unified,1956107_unified,644.0816408609076
5,19561240_unified,1956107_unified,442.7497780636918
6,19561241_unified,1956107_unified,
0,19561242_unified,1956108_unified,256.51796949718295
1,19561243_unified,1956108_unified,554.2851755473599
2,19561244_unified,1956108_unified,736.6970898006474
3,19561245_unified,1956108_unified,390.74757489580065
4,19561246_unified,1956108_unified,202.09396210996692
5,19561247_unified,1956108_unified,236.28752404413592
6,19561248_unified,1956108_unified,263.023395925195
7,19561249_unified,1956108_unified,
0,19561250_unified,1956109_unified,731.6103101621799
1,19561251_unified,1956109_unified,628.3636158161958
2,19561252_unified,1956109_unified,1324.1454564051262
3,19561253_unified,1956109_unified,2604.6659460906635
4,19561254_unified,1956109_unified,2492.774424669799
5,19561255_unified,1956109_unified,1353.9224054472127
6,19561256_unified,1956109_unified,1209.6981282678676
7,19561257_unified,1956109_unified,1356.3769745534128
8,19561258_unified,1956109_unified,
0,19561259_unified,1956110_unified,576.005148462204
1,19561260_unified,1956110_unified,1595.9913862561539
2,19561261_unified,1956110_unified,1177.8390159188295
3,19561262_unified,1956110_unified,1206.1769434884068
4,19561263_unified,1956110_unified,1391.5372411058827
5,19561264_unified,1956110_unified,905.1603196729442
6,19561265_unified,1956110_unified,1142.5734973520591
7,19561266_unified,1956110_unified,938.7108599712528
8,19561267_unified,1956110_unified,
0,19561268_unified,1956111_unified,256.51796949718295
1,19561269_unified,1956111_unified,552.6925565554325
2,19561270_unified,1956111_unified,972.9827833522962
3,19561271_unified,1956111_unified,288.1663693024433
4,19561272_unified,1956111_unified,685.162945785601
5,19561273_unified,1956111_unified,744.2617922080307
6,19561274_unified,1956111_unified,1296.2966827872879
7,19561275_unified,1956111_unified,1222.7776800531306
8,19561276_unified,1956111_unified,
0,19561277_unified,1956112_unified,1425.9493947738003
1,19561278_unified,1956112_unified,2239.7845541120514
2,19561279_unified,1956112_unified,970.2272630964154
3,19561280_unified,1956112_unified,722.9629213384725
4,19561281_unified,1956112_unified,1371.6548103306495
5,19561282_unified,1956112_unified,3257.180794826871
6,19561283_unified,1956112_unified,973.9730759458395
7,19561284_unified,1956112_unified,445.144928953455
8,19561285_unified,1956112_unified,1198.4841580855268
9,19561286_unified,1956112_unified,1238.8247341131416
10,19561287_unified,1956112_unified,
0,19561288_unified,1956113_unified,1317.2803752763305
1,19561289_unified,1956113_unified,857.4145984649439
2,19561290_unified,1956113_unified,2070.4398712985612
3,19561291_unified,1956113_unified,988.4553109848114
4,19561292_unified,1956113_unified,813.1951155796118
5,19561293_unified,1956113_unified,1795.0914524767866
6,19561294_unified,1956113_unified,2318.7249180450253
7,19561295_unified,1956113_unified,560.4862668170396
8,19561296_unified,1956113_unified,
0,19561297_unified,1956114_unified,799.9893467870961
1,19561298_unified,1956114_unified,714.5943451848065
2,19561299_unified,1956114_unified,
0,19561300_unified,1956115_unified,1019.4113774894704
1,19561301_unified,1956115_unified,467.22433018080164
2,19561302_unified,1956115_unified,838.7227507349418
3,19561303_unified,1956115_unified,295.27351933260366
4,19561304_unified,1956115_unified,1251.003000861365
5,19561305_unified,1956115_unified,517.4227256948268
6,19561306_unified,1956115_unified,622.204206717888
7,19561307_unified,1956115_unified,1560.1531709129683
8,19561308_unified,1956115_unified,
0,19561309_unified,1956116_unified,3761.2844585896
1,19561310_unified,1956116_unified,
0,19561311_unified,1956117_unified,1462.3961836171143
1,19561312_unified,1956117_unified,2344.833089950024
2,19561313_unified,1956117_unified,3414.1226841515295
3,19561314_unified,1956117_unified,2360.172386371827
4,19561315_unified,1956117_unified,
0,19561316_unified,1956118_unified,690.3313194855658
1,19561317_unified,1956118_unified,941.119075659071
2,19561318_unified,1956118_unified,671.9935233510193
3,19561319_unified,1956118_unified,812.4226658669074
4,19561320_unified,1956118_unified,1015.506653879831
5,19561321_unified,1956118_unified,583.8455792949741
6,19561322_unified,1956118_unified,588.3725468738014
7,19561323_unified,1956118_unified,822.438192664682
8,19561324_unified,1956118_unified,552.1422698797032
9,19561325_unified,1956118_unified,794.311768641494
10,19561326_unified,1956118_unified,1184.0662327884743
11,19561327_unified,1956118_unified,
0,19561328_unified,1956119_unified,826.2602901868574
1,19561329_unified,1956119_unified,884.2054884901718
2,19561330_unified,1956119_unified,589.7280121134849
3,19561331_unified,1956119_unified,518.7272005490307
4,19561332_unified,1956119_unified,
0,19561333_unified,1956120_unified,670.2330546423616
1,19561334_unified,1956120_unified,576.9009953289033
2,19561335_unified,1956120_unified,994.9344282392451
3,19561336_unified,1956120_unified,660.8016543173907
4,19561337_unified,1956120_unified,648.9388955860495
5,19561338_unified,1956120_unified,406.87911649752226
6,19561339_unified,1956120_unified,691.4050550800539
7,19561340_unified,1956120_unified,583.8677754792391
8,19561341_unified,1956120_unified,768.4017027653698
9,19561342_unified,1956120_unified,532.9653300472036
10,19561343_unified,1956120_unified,600.9880169529347
11,19561344_unified,1956120_unified,280.4097587581041
12,19561345_unified,1956120_unified,704.3769064054228
13,19561346_unified,1956120_unified,901.8908526323153
14,19561347_unified,1956120_unified,470.7173068559235
15,19561348_unified,1956120_unified,561.4745729618566
16,19561349_unified,1956120_unified,853.7972034772916
17,19561350_unified,1956120_unified,1186.4953204132473
18,19561351_unified,1956120_unified,828.2154404402343
19,19561352_unified,1956120_unified,703.2347801531154
20,19561353_unified,1956120_unified,789.1492731796698
21,19561354_unified,1956120_unified,664.7105831970324
22,19561355_unified,1956120_unified,
0,19561356_unified,1956121_unified,940.2619996588488
1,19561357_unified,1956121_unified,832.7610851085478
2,19561358_unified,1956121_unified,812.5010965972491
3,19561359_unified,1956121_unified,
0,19561360_unified,1956122_unified,762.7474533673305
1,19561361_unified,1956122_unified,566.0947913697782
2,19561362_unified,1956122_unified,884.9356486322877
3,19561363_unified,1956122_unified,499.0929193552116
4,19561364_unified,1956122_unified,731.3592657270451
5,19561365_unified,1956122_unified,765.9802412564761
6,19561366_unified,1956122_unified,548.8942104864275
7,19561367_unified,1956122_unified,885.1837650448673
8,19561368_unified,1956122_unified,693.9235782100859
9,19561369_unified,1956122_unified,727.4628740091447
10,19561370_unified,1956122_unified,771.3493886068244
11,19561371_unified,1956122_unified,699.921137827629
12,19561372_unified,1956122_unified,827.8557865853023
13,19561373_unified,1956122_unified,
0,19561374_unified,1956123_unified,671.3214371330973
1,19561375_unified,1956123_unified,666.4595616775655
2,19561376_unified,1956123_unified,966.5263203845751
3,19561377_unified,1956123_unified,628.8629554075702
4,19561378_unified,1956123_unified,705.1233382913557
5,19561379_unified,1956123_unified,697.0005474190308
6,19561380_unified,1956123_unified,809.5295220895619
7,19561381_unified,1956123_unified,709.1811203697112
8,19561382_unified,1956123_unified,1212.1738307325463
9,19561383_unified,1956123_unified,
0,19561384_unified,1956124_unified,1639.5256782652623
1,19561385_unified,1956124_unified,978.3799322235978
2,19561386_unified,1956124_unified,1060.2590989119844
3,19561387_unified,1956124_unified,1537.0151325150284
4,19561388_unified,1956124_unified,905.8730184397923
5,19561389_unified,1956124_unified,1276.5130733250915
6,19561390_unified,1956124_unified,1289.8401480110163
7,19561391_unified,1956124_unified,1138.3469867309875
8,19561392_unified,1956124_unified,2344.1542632073315
9,19561393_unified,1956124_unified,1046.0984996511777
10,19561394_unified,1956124_unified,737.364353000109
11,19561395_unified,1956124_unified,3112.6105165546487
12,19561396_unified,1956124_unified,1516.560928656699
13,19561397_unified,1956124_unified,956.6224766748552
14,19561398_unified,1956124_unified,534.7420358987806
15,19561399_unified,1956124_unified,1044.6864868002992
16,19561400_unified,1956124_unified,1110.0595913454094
17,19561401_unified,1956124_unified,1273.8665686401882
18,19561402_unified,1956124_unified,1072.5379061601316
19,19561403_unified,1956124_unified,716.2456466946389
20,19561404_unified,1956124_unified,743.9761762898796
21,19561405_unified,1956124_unified,1144.5765319708012
22,19561406_unified,1956124_unified,1696.971958307119
23,19561407_unified,1956124_unified,2058.4743942843497
24,19561408_unified,1956124_unified,1016.2975925862637
25,19561409_unified,1956124_unified,1657.3120541819744
26,19561410_unified,1956124_unified,1715.6064467292822
27,19561384_unified,1956124_unified,
0,19561411_unified,1956125_unified,1144.5765319708012
1,19561412_unified,1956125_unified,743.9761762898796
2,19561413_unified,1956125_unified,716.2456466946389
3,19561414_unified,1956125_unified,1072.5379061601316
4,19561415_unified,1956125_unified,1273.8665686401882
5,19561416_unified,1956125_unified,1110.0595913454094
6,19561417_unified,1956125_unified,1044.6864868002992
7,19561418_unified,1956125_unified,534.7420358987806
8,19561419_unified,1956125_unified,956.6224766748552
9,19561420_unified,1956125_unified,1516.560928656699
10,19561421_unified,1956125_unified,3112.6105165546487
11,19561422_unified,1956125_unified,737.364353000109
12,19561423_unified,1956125_unified,1747.034523261985
13,19561424_unified,1956125_unified,1517.4015759240747
14,19561425_unified,1956125_unified,1924.672300658924
15,19561426_unified,1956125_unified,1339.4617802008752
16,19561427_unified,1956125_unified,1784.4199682921367
17,19561428_unified,1956125_unified,3362.0857315885833
18,19561429_unified,1956125_unified,
0,19561430_unified,1956126_unified,1764.6932259966843
1,19561431_unified,1956126_unified,1770.269424253584
2,19561432_unified,1956126_unified,1936.184196952503
3,19561433_unified,1956126_unified,978.3799322235978
4,19561434_unified,1956126_unified,1060.2590989119844
5,19561435_unified,1956126_unified,1537.0151325150284
6,19561436_unified,1956126_unified,905.8730184397923
7,19561437_unified,1956126_unified,1276.5130733250915
8,19561438_unified,1956126_unified,1289.8401480110163
9,19561439_unified,1956126_unified,1267.081838049701
10,19561440_unified,1956126_unified,
0,19561441_unified,1956127_unified,1639.5256782652623
1,19561442_unified,1956127_unified,978.3799322235978
2,19561443_unified,1956127_unified,1060.2590989119844
3,19561444_unified,1956127_unified,1537.0151325150284
4,19561445_unified,1956127_unified,905.8730184397923
5,19561446_unified,1956127_unified,1276.5130733250915
6,19561447_unified,1956127_unified,1289.8401480110163
7,19561448_unified,1956127_unified,1267.081838049701
8,19561449_unified,1956127_unified,
0,19561450_unified,1956128_unified,1660.323378160663
1,19561451_unified,1956128_unified,963.8960888009217
2,19561452_unified,1956128_unified,1317.7819019575088
3,19561453_unified,1956128_unified,
0,19561454_unified,1956129_unified,3688.9967972159698
1,19561455_unified,1956129_unified,933.9221133746062
2,19561456_unified,1956129_unified,2704.225855643991
3,19561457_unified,1956129_unified,982.6409440488535
4,19561458_unified,1956129_unified,1178.9689484332598
5,19561459_unified,1956129_unified,1349.7726644999466
6,19561460_unified,1956129_unified,963.3140172449747
7,19561461_unified,1956129_unified,1373.2500676576935
8,19561462_unified,1956129_unified,1064.1551058331015
9,19561463_unified,1956129_unified,935.6728622001688
10,19561464_unified,1956129_unified,841.3115913063544
11,19561465_unified,1956129_unified,997.8065812788182
12,19561466_unified,1956129_unified,1556.9765533895365
13,19561467_unified,1956129_unified,1309.493925637318
14,19561468_unified,1956129_unified,1062.1076170353656
15,19561469_unified,1956129_unified,671.7166795156153
16,19561470_unified,1956129_unified,834.1717682560725
17,19561471_unified,1956129_unified,1251.7379828461685
18,19561472_unified,1956129_unified,1168.0328798406724
19,19561473_unified,1956129_unified,1267.081838049701
20,19561474_unified,1956129_unified,1110.8231581740733
21,19561475_unified,1956129_unified,1064.011850545264
22,19561476_unified,1956129_unified,1627.7934261613086
23,19561477_unified,1956129_unified,2407.397801597923
24,19561478_unified,1956129_unified,2366.964421484652
25,19561479_unified,1956129_unified,1364.5891780876539
26,19561480_unified,1956129_unified,4297.548181887701
27,19561481_unified,1956129_unified,1837.9619386189554
28,19561482_unified,1956129_unified,4248.129529469537
29,19561483_unified,1956129_unified,1946.116782841212
30,19561484_unified,1956129_unified,3117.553910410357
31,19561485_unified,1956129_unified,
0,19561486_unified,1956130_unified,6030.538470859344
1,19561487_unified,1956130_unified,2051.631217141321
2,19561488_unified,1956130_unified,
0,19561489_unified,1956131_unified,1768.3036270077907
1,19561490_unified,1956131_unified,2353.8272591198074
2,19561491_unified,1956131_unified,4623.888680497082
3,19561492_unified,1956131_unified,1489.2765229619602
4,19561493_unified,1956131_unified,7870.828990391309
5,19561494_unified,1956131_unified,2014.161673051747
6,19561495_unified,1956131_unified,1373.2500676576935
7,19561496_unified,1956131_unified,1064.1551058331015
8,19561497_unified,1956131_unified,935.6728622001688
9,19561498_unified,1956131_unified,841.3115913063544
10,19561499_unified,1956131_unified,997.8065812788182
11,19561500_unified,1956131_unified,1556.9765533895365
12,19561501_unified,1956131_unified,1309.493925637318
13,19561502_unified,1956131_unified,1062.1076170353656
14,19561503_unified,1956131_unified,671.7166795156153
15,19561504_unified,1956131_unified,834.1717682560725
16,19561505_unified,1956131_unified,1251.7379828461685
17,19561506_unified,1956131_unified,1168.0328798406724
18,19561507_unified,1956131_unified,1267.081838049701
19,19561508_unified,1956131_unified,683.4922567955668
20,19561509_unified,1956131_unified,1535.4465697298906
21,19561510_unified,1956131_unified,2386.6810545713265
22,19561511_unified,1956131_unified,2280.7454218086386
23,19561512_unified,1956131_unified,2183.0945681132052
24,19561513_unified,1956131_unified,1517.0525106228642
25,19561514_unified,1956131_unified,1360.6479574008029
26,19561515_unified,1956131_unified,4555.3682766741
27,19561516_unified,1956131_unified,2616.6523464746847
28,19561517_unified,1956131_unified,2208.2048883485304
29,19561518_unified,1956131_unified,
0,19561519_unified,1956132_unified,2896.071609644029
1,19561520_unified,1956132_unified,4840.113675452039
2,19561521_unified,1956132_unified,933.9221133746062
3,19561522_unified,1956132_unified,2704.225855643991
4,19561523_unified,1956132_unified,982.6409440488535
5,19561524_unified,1956132_unified,1178.9689484332598
6,19561525_unified,1956132_unified,1349.7726644999466
7,19561526_unified,1956132_unified,963.3140172449747
8,19561527_unified,1956132_unified,1373.2500676576935
9,19561528_unified,1956132_unified,1064.1551058331015
10,19561529_unified,1956132_unified,935.6728622001688
11,19561530_unified,1956132_unified,841.3115913063544
12,19561531_unified,1956132_unified,997.8065812788182
13,19561532_unified,1956132_unified,1556.9765533895365
14,19561533_unified,1956132_unified,1309.493925637318
15,19561534_unified,1956132_unified,1062.1076170353656
16,19561535_unified,1956132_unified,671.7166795156153
17,19561536_unified,1956132_unified,834.1717682560725
18,19561537_unified,1956132_unified,1251.7379828461685
19,19561538_unified,1956132_unified,1168.0328798406724
20,19561539_unified,1956132_unified,1267.081838049701
21,19561540_unified,1956132_unified,1138.3469867309875
22,19561541_unified,1956132_unified,1857.655092141258
23,19561542_unified,1956132_unified,1658.6020802802666
24,19561543_unified,1956132_unified,1924.672300658924
25,19561544_unified,1956132_unified,1339.4617802008752
26,19561545_unified,1956132_unified,1784.4199682921367
27,19561546_unified,1956132_unified,3362.0857315885833
28,19561547_unified,1956132_unified,5288.964703272937
29,19561548_unified,1956132_unified,2673.0498184086587
30,19561549_unified,1956132_unified,3206.0072531627466
31,19561550_unified,1956132_unified,2604.845940814677
32,19561551_unified,1956132_unified,
0,19561552_unified,1956133_unified,933.9221133746062
1,19561553_unified,1956133_unified,4116.116755435277
2,19561554_unified,1956133_unified,2038.089683599659
3,19561555_unified,1956133_unified,2058.4743942843497
4,19561556_unified,1956133_unified,1016.2975925862637
5,19561557_unified,1956133_unified,1657.3120541819744
6,19561558_unified,1956133_unified,1715.6064467292822
7,19561559_unified,1956133_unified,1639.5256782652623
8,19561560_unified,1956133_unified,978.3799322235978
9,19561561_unified,1956133_unified,1060.2590989119844
10,19561562_unified,1956133_unified,1537.0151325150284
11,19561563_unified,1956133_unified,905.8730184397923
12,19561564_unified,1956133_unified,1276.5130733250915
13,19561565_unified,1956133_unified,1289.8401480110163
14,19561566_unified,1956133_unified,1138.3469867309875
15,19561567_unified,1956133_unified,1857.655092141258
16,19561568_unified,1956133_unified,1658.6020802802666
17,19561569_unified,1956133_unified,1924.672300658924
18,19561570_unified,1956133_unified,1964.8240023187898
19,19561571_unified,1956133_unified,1669.7736867446895
20,19561572_unified,1956133_unified,
0,19561573_unified,1956134_unified,1672.5569282385115
1,19561574_unified,1956134_unified,2970.966726864423
2,19561575_unified,1956134_unified,3110.8903471788535
3,19561576_unified,1956134_unified,2234.386090551519
4,19561577_unified,1956134_unified,3990.722307224882
5,19561578_unified,1956134_unified,1982.0755891146441
6,19561579_unified,1956134_unified,1582.525136000675
7,19561580_unified,1956134_unified,1375.9130563840877
8,19561581_unified,1956134_unified,2601.488728295824
9,19561582_unified,1956134_unified,1660.093462330202
10,19561583_unified,1956134_unified,1013.8792762711847
11,19561584_unified,1956134_unified,1264.3369455728555
12,19561585_unified,1956134_unified,853.9340279810988
13,19561586_unified,1956134_unified,770.3623229759826
14,19561587_unified,1956134_unified,1566.2995568911404
15,19561588_unified,1956134_unified,839.76899347666
16,19561589_unified,1956134_unified,660.70820431887
17,19561590_unified,1956134_unified,597.2570742879425
18,19561591_unified,1956134_unified,826.7977938820269
19,19561592_unified,1956134_unified,791.4082850444431
20,19561593_unified,1956134_unified,1529.087601015018
21,19561594_unified,1956134_unified,1798.6754467879496
22,19561595_unified,1956134_unified,1269.6660269426036
23,19561596_unified,1956134_unified,901.1497013000097
24,19561597_unified,1956134_unified,1117.2557748797658
25,19561598_unified,1956134_unified,1327.6400273753995
26,19561599_unified,1956134_unified,998.3299979299696
27,19561600_unified,1956134_unified,1615.7360574576942
28,19561601_unified,1956134_unified,1200.1221575199902
29,19561602_unified,1956134_unified,1899.690180235665
30,19561603_unified,1956134_unified,1199.1124322709943
31,19561604_unified,1956134_unified,1756.6393541031011
32,19561605_unified,1956134_unified,1489.2765229619602
33,19561606_unified,1956134_unified,
0,19561607_unified,1956135_unified,2393.3351577682897
1,19561608_unified,1956135_unified,
0,19561609_unified,1956136_unified,2016.3676861089207
1,19561610_unified,1956136_unified,1785.889114471091
2,19561611_unified,1956136_unified,
0,19561612_unified,1956137_unified,2240.560725970416
1,19561613_unified,1956137_unified,3631.178740662452
2,19561614_unified,1956137_unified,2164.717599996664
3,19561615_unified,1956137_unified,1748.4963157673274
4,19561616_unified,1956137_unified,3962.0688213244075
5,19561617_unified,1956137_unified,2220.554915359401
6,19561618_unified,1956137_unified,2454.5609692146622
7,19561619_unified,1956137_unified,2388.509363651328
8,19561620_unified,1956137_unified,2199.4069824541275
9,19561621_unified,1956137_unified,1013.8792762711847
10,19561622_unified,1956137_unified,1264.3369455728555
11,19561623_unified,1956137_unified,853.9340279810988
12,19561624_unified,1956137_unified,770.3623229759826
13,19561625_unified,1956137_unified,1566.2995568911404
14,19561626_unified,1956137_unified,839.76899347666
15,19561627_unified,1956137_unified,660.70820431887
16,19561628_unified,1956137_unified,597.2570742879425
17,19561629_unified,1956137_unified,826.7977938820269
18,19561630_unified,1956137_unified,791.4082850444431
19,19561631_unified,1956137_unified,1416.301450663961
20,19561632_unified,1956137_unified,1870.4333802148478
21,19561633_unified,1956137_unified,1805.584861307918
22,19561634_unified,1956137_unified,1400.3085561231314
23,19561635_unified,1956137_unified,2781.0778911407615
24,19561636_unified,1956137_unified,1639.7309190475503
25,19561637_unified,1956137_unified,2678.1594124595886
26,19561638_unified,1956137_unified,3151.7653725399937
27,19561639_unified,1956137_unified,2556.965433806102
28,19561640_unified,1956137_unified,1272.5392440062674
29,19561641_unified,1956137_unified,3617.534199823531
30,19561642_unified,1956137_unified,
0,19561643_unified,1956138_unified,4367.374525697369
1,19561644_unified,1956138_unified,1855.2980268534182
2,19561645_unified,1956138_unified,2048.030002799843
3,19561646_unified,1956138_unified,2771.3376641650448
4,19561647_unified,1956138_unified,3131.443938468502
5,19561648_unified,1956138_unified,1764.6932259966843
6,19561649_unified,1956138_unified,1770.269424253584
7,19561650_unified,1956138_unified,1637.5790580176517
8,19561651_unified,1956138_unified,853.9340279810988
9,19561652_unified,1956138_unified,770.3623229759826
10,19561653_unified,1956138_unified,1566.2995568911404
11,19561654_unified,1956138_unified,839.76899347666
12,19561655_unified,1956138_unified,660.70820431887
13,19561656_unified,1956138_unified,597.2570742879425
14,19561657_unified,1956138_unified,826.7977938820269
15,19561658_unified,1956138_unified,791.4082850444431
16,19561659_unified,1956138_unified,1416.301450663961
17,19561660_unified,1956138_unified,1870.4333802148478
18,19561661_unified,1956138_unified,1805.584861307918
19,19561662_unified,1956138_unified,1344.4627137001878
20,19561663_unified,1956138_unified,1326.7383657494242
21,19561664_unified,1956138_unified,1289.0301015422144
22,19561665_unified,1956138_unified,2610.9140007785763
23,19561666_unified,1956138_unified,2513.4806561263013
24,19561667_unified,1956138_unified,
0,19561668_unified,1956139_unified,1402.8221383189716
1,19561669_unified,1956139_unified,681.328923374198
2,19561670_unified,1956139_unified,900.6919240422934
3,19561671_unified,1956139_unified,1337.7003463558328
4,19561672_unified,1956139_unified,759.0542023682234
5,19561673_unified,1956139_unified,1145.0037700339553
6,19561674_unified,1956139_unified,889.7777936847857
7,19561675_unified,1956139_unified,4034.97674365481
8,19561676_unified,1956139_unified,3990.7138521127476
9,19561677_unified,1956139_unified,1496.485116814696
10,19561678_unified,1956139_unified,1341.3342281817945
11,19561679_unified,1956139_unified,1285.3917730998576
12,19561680_unified,1956139_unified,1462.9433168538098
13,19561681_unified,1956139_unified,1512.0863388258524
14,19561682_unified,1956139_unified,570.8901263390404
15,19561683_unified,1956139_unified,415.87572008871336
16,19561668_unified,1956139_unified,
0,19561684_unified,1956140_unified,2056.4618101476963
1,19561685_unified,1956140_unified,974.3919756928395
2,19561686_unified,1956140_unified,702.0494426646502
3,19561687_unified,1956140_unified,1875.9232100034283
4,19561688_unified,1956140_unified,2510.2447617077282
5,19561689_unified,1956140_unified,1314.8122158814708
6,19561690_unified,1956140_unified,
0,19561691_unified,1956141_unified,541.2890035512268
1,19561692_unified,1956141_unified,442.2005822975492
2,19561693_unified,1956141_unified,826.5042500908925
3,19561694_unified,1956141_unified,954.4793761494793
4,19561695_unified,1956141_unified,343.2888864277518
5,19561696_unified,1956141_unified,1012.4990613088975
6,19561697_unified,1956141_unified,1006.334944430242
7,19561698_unified,1956141_unified,564.7974733761213
8,19561699_unified,1956141_unified,
0,19561700_unified,1956142_unified,882.78908785829
1,19561701_unified,1956142_unified,1519.2413042816104
2,19561703_unified,1956142_unified,0.0
3,19561703_unified,1956142_unified,2662.9444277573225
4,19561705_unified,1956142_unified,975.4085928266821
5,19561706_unified,1956142_unified,
0,19561706_unified,1956143_unified,21730.509684522858
1,19561707_unified,1956143_unified,
0,19561708_unified,1956144_unified,334.85841471599946
1,19561709_unified,1956144_unified,
